1,119,DSDA02,Edison,0.3928818202403065
1,128,DSDA05,Edison,0.4019431456919107
1,89,Business,Business,0.41916945925869153
1,138,DSRM01,Edison,0.42168375607773967
1,122,DSDA03,Edison,0.4223401216298043
1,112,DSRM06,Edison,0.4252869935527366
1,102,RM3,Research,0.4256230046722367
1,116,DSDM04,Edison,0.42586526867133323
1,177,Predictive Analytics,Machine_Learning,0.4262536819101207
1,183,Predictive_Analytics,Machine_Learning,0.4262536819101207
1,139,DSDA01,Edison,0.4269986569300057
1,225,Computer_Programming,Computer_Programming,0.4327304010197216
1,133,DSDK02,Edison,0.4329797548196592
1,171,Machine learning,Machine_Learning,0.43359998870496785
1,174,Machine_learning,Machine_Learning,0.43359998870496785
1,126,DSENG01,Edison,0.4401871593958335
1,42,6_BASIC_STATISTICAL_TOOLS,Statistics,0.44114028504938485
1,2,Bachelor_degree,Education,0.4418095025338127
1,172,Information_Retrieval,Machine_Learning,0.443303260397639
1,176,Information Retrieval,Machine_Learning,0.443303260397639
1,136,DSDM01,Edison,0.4449695464557416
1,129,DSDK03,Edison,0.4490985980021055
1,134,DSDA04,Edison,0.45125610722672993
1,6,Doctor_of_Philosophy,Education,0.45453219939211253
1,87,Business communication,Business,0.45737472153076897
1,24,Math_Stats_tools,Math_Stats_tools,0.45821119782097797
1,46,DataAnalytics,Statistics,0.4585584636409068
1,195,MonetDB,Databases,0.46046118282339443
1,20,Statistics,Math_Stats_tools,0.46162578307576174
1,41,Statistics,Statistics,0.46162578307576174
1,40,StatisticalTechniques,Statistics,0.46210101887051513
1,114,DSDM06,Edison,0.4624806578247993
1,166,Statistics,Machine_Learning,0.46434470589389554
1,55,Onboarding,Recuting,0.4649088488820492
1,228,Programmer,Computer_Programming,0.47119842811774837
1,104,RM4,Research,0.47204139219318275
1,210,PostgreSQL,Databases,0.47204914199435566
1,7,Master_of_Science,Education,0.4764662102604471
1,12,Graduate_school,Education,0.47685367338429085
1,26,Financial_economics,capital_market,0.47838695891039873
1,137,DSENG04,Edison,0.47843575389235915
1,229,C_Sharp,Computer_Programming,0.48019774908323654
1,66,SAS,statistical_software,0.48095541809914877
1,142,SAS,Software,0.48095541809914877
1,227,SAS,Computer_Programming,0.48095541809914877
1,13,Master_of_Engineering,Education,0.4829282076481114
1,121,DSDM02,Edison,0.48351873200847606
1,135,DSDK06,Edison,0.4842491988667733
1,95,Corporate communication,Business,0.48470560137830676
1,208,Database,Databases,0.48538560030497246
1,212,Data_warehouse,Databases,0.4871348193051104
1,1,Master's_degree_in_Europe,Education,0.4886426985033284
1,169,Data_mining,Machine_Learning,0.4917776369888587
1,180,Data mining,Machine_Learning,0.4917776369888587
1,214,New_product_development,ProductDevelopment,0.49219478590114396
1,127,DSENG03,Edison,0.4929789247955013
1,130,DSENG06,Edison,0.49471283578411707
1,167,Supervised_Learning,Machine_Learning,0.4957872914668664
1,168,Supervised Learning,Machine_Learning,0.4957872914668664
1,162,Television_advertisement,Advertising,0.4965154086933935
1,73,Octave,statistical_software,0.4969268116478962
1,148,Octave,Software,0.4969268116478962
1,23,Mathematics,Math_Stats_tools,0.4976148262718809
1,196,DB4,Databases,0.49912810291455934
1,158,Advertising,Advertising,0.4999380823597297
1,90,Business Intelligence,Business,0.500030396260952
1,10,Engineer_degree,Education,0.5007875333895561
1,28,CapitalMarket,capital_market,0.5010476376705836
1,240,Python,Computer_Programming,0.501383927075371
1,124,DSDK04,Edison,0.502218718153757
1,123,DSDK01,Edison,0.5053250101967847
1,231,Ruby,Computer_Programming,0.5053454148763994
1,71,Weka,statistical_software,0.5056317242148723
1,146,Weka,Software,0.5056317242148723
1,31,Corporate_finance,capital_market,0.5075516863660858
1,52,Human_resource_management,Recuting,0.5087518139073386
1,91,Job interview,Business,0.5097844039170878
1,232,C++,Computer_Programming,0.5108143519632442
1,56,Human_resource_consulting,Recuting,0.5118271731897365
1,233,Java,Computer_Programming,0.5119295752759665
1,18,BiomedicalEngineering,Biomedical,0.5121236129226017
1,159,Mobile_marketing,Advertising,0.5134985403193273
1,157,MarketingMix,Advertising,0.5154613390760274
1,29,Mathematical_finance,capital_market,0.515887584758647
1,68,Git,statistical_software,0.5181117356655206
1,144,Git,Software,0.5181117356655206
1,188,ODBMS,Databases,0.5190344187372999
1,237,Scala,Computer_Programming,0.5214237939100796
1,218,CAD,ProductDevelopment,0.5224087427837774
1,224,C,Computer_Programming,0.52466749582266
1,230,Objective-C,Computer_Programming,0.5268903935877639
1,120,DSRM05,Edison,0.5291462596641134
1,113,DSRM02,Edison,0.531438092610421
1,15,Master_of_Laws,Education,0.533554076748325
1,32,Financial_market,capital_market,0.534168613164068
1,94,Business Model,Business,0.535575189399164
1,189,MySQL,Databases,0.535773528307985
1,117,DSDM03,Edison,0.5358343681197035
1,81,E-commerce,e-commerce,0.5364204940331607
1,242,JavaScript,Computer_Programming,0.5367387787762357
1,74,MATLAB,statistical_software,0.5372437652555766
1,149,MATLAB,Software,0.5372437652555766
1,173,Categorization,Machine_Learning,0.5380579362649394
1,200,CouchDB,Databases,0.5384652382942203
1,140,DSDA06,Edison,0.5390473716760513
1,54,Employment_agency,Recuting,0.5407554173788929
1,34,FinancialRegulation,capital_market,0.5418052325420357
1,181,Statistical method,Machine_Learning,0.5419397397291618
1,184,Statistical_method,Machine_Learning,0.5419397397291618
1,98,RM2,Research,0.5426702034825358
1,92,Project management,Business,0.543938237556439
1,175,Text mining,Machine_Learning,0.5454203415026068
1,178,Text_mining,Machine_Learning,0.5454203415026068
1,25,Financial_services,capital_market,0.5460144017058166
1,17,Biomedicine,Biomedical,0.5463349067154544
1,235,PHP,Computer_Programming,0.5464436292399629
1,8,Master_degree,Education,0.5469044539944614
1,194,Database2,Databases,0.5469428098186165
1,106,DSRM06_Contribute_research_objectives,Research,0.5473814249544449
1,186,MongoDB,Databases,0.5475967824467168
1,88,Business Management,Business,0.5487467504162311
1,221,Product,ProductDevelopment,0.5494237609857131
1,222,RequirementsManagement,ProductDevelopment,0.5508243256256712
1,44,Important_Methods_For_Statistical_Data_Analysis,Statistics,0.5518187139709264
1,39,A_Guide_to_Statistical_Techniques,Statistics,0.5534165259587216
1,238,PL-SQL,Computer_Programming,0.5548111002688384
1,0,First_professional_degree,Education,0.5567578464436838
1,78,Mathematica,statistical_software,0.5589444081989652
1,153,Mathematica,Software,0.5589444081989652
1,246,R,Computer_Programming,0.5610474493196334
1,5,Terminal_degree,Education,0.5611981733052919
1,205,DSENG04_Relational_non-relational_databases,Databases,0.5617233175716705
1,170,Clustering,Machine_Learning,0.5628916856745856
1,163,Viral_marketing,Advertising,0.5645755601320832
1,236,System_programming,Computer_Programming,0.5656930542909524
1,61,Grid_computing,Distributed,0.5697447294936586
1,62,Grid computing,Distributed,0.5697447294936586
1,131,DSRM04,Edison,0.5699908776421794
1,239,Julia,Computer_Programming,0.5700882962816692
1,165,Unsupervised_learning,Machine_Learning,0.5706057658682151
1,179,Unsupervised learning,Machine_Learning,0.5706057658682151
1,64,Hadoop,Distributed,0.5722232843056205
1,107,RMO,Research,0.5729990956634603
1,38,Stock_Trader,capital_market,0.575403374893448
1,58,Hortonworks,Distributed,0.5763535250991352
1,37,Finance,capital_market,0.5770395305007212
1,57,Distributed Computing,Distributed,0.5804685171582934
1,63,Distributed_Computing,Distributed,0.5804685171582934
1,118,DSDM05,Edison,0.5804844681166432
1,49,Executive_search,Recuting,0.581731953082206
1,191,DB1,Databases,0.5818665722984975
1,77,Waffles,statistical_software,0.5822831912404225
1,152,Waffles,Software,0.5822831912404225
1,204,NoSQL,Databases,0.5826880036032205
1,59,Cloud_Computing,Distributed,0.5829557016627769
1,65,Cloud Computing,Distributed,0.5829557016627769
1,207,DB3,Databases,0.5899761520830036
1,203,SPARQL,Databases,0.590212753166903
1,193,DB6,Databases,0.5910928675265825
1,105,DSRM02_Systematic_study,Research,0.5922001327460815
1,36,Stock_Exchange,capital_market,0.5932351077778995
1,115,DSRM03,Edison,0.5932741304496525
1,99,IsOperationsResearchReallyResearch,Research,0.5947850680152121
1,247,Computer_network,Computer_Programming,0.5948668975180731
1,97,UndergraduateResearch,Research,0.5952897234622041
1,72,Oracle Data Mining,statistical_software,0.5953866685025667
1,80,Oracle_Data_Mining,statistical_software,0.5953866685025667
1,147,Oracle Data Mining,Software,0.5953866685025667
1,155,Oracle_Data_Mining,Software,0.5953866685025667
1,245,Software_developer,Computer_Programming,0.5962759323897748
1,216,VirtualProductDevelopment,ProductDevelopment,0.5963356226924866
1,75,GATE,statistical_software,0.596414998566368
1,150,GATE,Software,0.596414998566368
1,125,DSDK05,Edison,0.5969953483455834
1,96,ScholarlyMethod,Research,0.5980114280223823
1,243,Software_engineer,Computer_Programming,0.5986765694547064
1,11,Educational_specialist,Education,0.6006951326196938
1,70,SPSS,statistical_software,0.6022303938121628
1,145,SPSS,Software,0.6022303938121628
1,198,Microsoft_SQL_Server,Databases,0.603263292610552
1,241,Software_architecture,Computer_Programming,0.6055646311709204
1,14,Professional_Science_Master's_Degree,Education,0.6061547123518014
1,132,DSENG02,Edison,0.6100317461548583
1,111,SS,Research,0.611101789133444
1,164,Video_commerce,Advertising,0.6112273972775244
1,219,MarketPenetration,ProductDevelopment,0.6112943166135991
1,213,Time_toMarket,ProductDevelopment,0.6135623942568917
1,4,Chemistry_Quality_Eurolabels,Education,0.6143248400491532
1,226,pbdR,Computer_Programming,0.6198575930164764
1,79,Software,statistical_software,0.6219237386291881
1,154,Software,Software,0.6219237386291881
1,51,Employment_websites,Recuting,0.6235082623538571
1,199,IBM_DB2,Databases,0.6238401851421271
1,83,Types_of_e-commerce,e-commerce,0.6243668998557889
1,33,Financial_market_efficiency,capital_market,0.6250998408974882
1,141,DSENG05,Edison,0.6262121395461869
1,109,Primary_Research,Research,0.6266593204003561
1,101,RM5,Research,0.6281472900855072
1,30,Financial_instrument,capital_market,0.628686739373325
1,93,Service-oriented modeling,Business,0.6305004712582463
1,16,BiomedicalEngineers2,Biomedical,0.6305610968110503
1,234,Objective-J,Computer_Programming,0.6317484067726606
1,201,Oracle_Database,Databases,0.6329603115311047
1,197,Data_mart,Databases,0.6333723153736439
1,190,RDBMS,Databases,0.6366852962593154
1,103,DSRM01_Scientific_method,Research,0.6367205598164954
1,60,Cloudera,Distributed,0.6465449020988951
1,76,KNIME,statistical_software,0.647051136848994
1,151,KNIME,Software,0.647051136848994
1,211,db,Databases,0.6498865789565491
1,22,List_of_statistical_packages,Math_Stats_tools,0.6507849082319292
1,69,List_of_statistical_packages,statistical_software,0.6507849082319292
1,43,List_of_statistical_packages,Statistics,0.6517948199234452
1,3,Master_of_Applied_Science,Education,0.6525002697682627
1,53,Employment_agencies,Recuting,0.6537835724543948
1,100,Secondary_research,Research,0.6558843578548663
1,27,FinanceCapitalism,capital_market,0.655891039939151
1,48,Executive_search_firms,Recuting,0.6561247857594561
1,45,Correlation,Statistics,0.6585716329833293
1,19,_BiomedicalEngineers,Biomedical,0.659841265873158
1,185,Apache_HBase,Databases,0.662236659094515
1,206,database,Databases,0.6625380302956887
1,108,RM1,Research,0.6639226837944243
1,182,Classification,Machine_Learning,0.6649600743951213
1,244,Transact-SQL,Computer_Programming,0.6671308874182335
1,187,DB2,Databases,0.6679856511924238
1,156,Co-marketing,Advertising,0.6690082559233101
1,192,DB5,Databases,0.6746080347153005
1,217,Product_life-CycleManagement,ProductDevelopment,0.6748835475998516
1,47,Summary_Table_for_Statistical_Techniques,Statistics,0.6809777529742067
1,86,Digital_economy,e-commerce,0.6829135763181711
1,209,Elasticsearch,Databases,0.6872150005325187
1,85,Non-store_retailing,e-commerce,0.6891334624668877
1,67,JMP,statistical_software,0.6906379950851966
1,143,JMP,Software,0.6906379950851966
1,82,Online_marketplace,e-commerce,0.6947969013875428
1,50,Personality-job_fit_theory,Recuting,0.7036311935848512
1,84,E-commerce_credit_card_payment_system,e-commerce,0.7084941874562884
1,9,European_Joint_Master_degree_in_Economics,Education,0.7115027889353728
1,110,FrascatiDefinitionofResearch,Research,0.7147289147727846
1,223,C--,Computer_Programming,0.7240073475611155
1,220,Pro-innovation_bias,ProductDevelopment,0.7330066839903427
1,161,Meta-advertising,Advertising,0.7351084507304733
1,160,Interactive_advertising,Advertising,0.7359553004526282
1,35,Investment_theory,capital_market,0.798882800825708
1,202,Databases,Databases,0.8103189806882659
1,21,Lists_of_mathematics_topics,Math_Stats_tools,0.8351830554123011
1,215,productDevelopment,ProductDevelopment,0.8565287336448388
2,119,DSDA02,Edison,0.3199135852656798
2,89,Business,Business,0.3222493459857604
2,122,DSDA03,Edison,0.3301781915498493
2,128,DSDA05,Edison,0.33261447050976967
2,112,DSRM06,Edison,0.33572506220288467
2,157,MarketingMix,Advertising,0.34221121144136735
2,20,Statistics,Math_Stats_tools,0.3478317514515028
2,41,Statistics,Statistics,0.3478317514515028
2,166,Statistics,Machine_Learning,0.34789673937364907
2,129,DSDK03,Edison,0.3526672126876802
2,133,DSDK02,Edison,0.35401893791828165
2,134,DSDA04,Edison,0.3646871975522321
2,137,DSENG04,Edison,0.36488266358400345
2,177,Predictive Analytics,Machine_Learning,0.3659775789086863
2,183,Predictive_Analytics,Machine_Learning,0.3659775789086863
2,136,DSDM01,Edison,0.3666760699472149
2,139,DSDA01,Edison,0.3680736694856743
2,26,Financial_economics,capital_market,0.3710515808974155
2,90,Business Intelligence,Business,0.38664598341080425
2,23,Mathematics,Math_Stats_tools,0.39257969669463955
2,208,Database,Databases,0.3969495052450972
2,212,Data_warehouse,Databases,0.39790934392773714
2,102,RM3,Research,0.39797383990713897
2,138,DSRM01,Edison,0.3981528210262826
2,46,DataAnalytics,Statistics,0.39910238231900674
2,42,6_BASIC_STATISTICAL_TOOLS,Statistics,0.40035305612798733
2,214,New_product_development,ProductDevelopment,0.4013089932226247
2,196,DB4,Databases,0.4027148174418248
2,210,PostgreSQL,Databases,0.4046045174171946
2,123,DSDK01,Edison,0.40592351071673816
2,88,Business Management,Business,0.40820026874045734
2,130,DSENG06,Edison,0.40900837142829016
2,29,Mathematical_finance,capital_market,0.40907244253674013
2,55,Onboarding,Recuting,0.40982451681672394
2,127,DSENG03,Edison,0.4101258653790848
2,116,DSDM04,Edison,0.41079397413264984
2,24,Math_Stats_tools,Math_Stats_tools,0.4138220383535204
2,231,Ruby,Computer_Programming,0.41593296260775015
2,87,Business communication,Business,0.4180112971443818
2,135,DSDK06,Edison,0.4183606987298344
2,121,DSDM02,Edison,0.42161711785164235
2,200,CouchDB,Databases,0.4217337484650281
2,158,Advertising,Advertising,0.4217530890451837
2,81,E-commerce,e-commerce,0.42570237130121913
2,124,DSDK04,Edison,0.4258285327111202
2,104,RM4,Research,0.429262654125537
2,162,Television_advertisement,Advertising,0.43063226120960685
2,195,MonetDB,Databases,0.4312764553442491
2,172,Information_Retrieval,Machine_Learning,0.43242425730135203
2,176,Information Retrieval,Machine_Learning,0.43242425730135203
2,205,DSENG04_Relational_non-relational_databases,Databases,0.4361164942324074
2,92,Project management,Business,0.4377607927164485
2,91,Job interview,Business,0.43978696239164816
2,126,DSENG01,Edison,0.43996081068052195
2,2,Bachelor_degree,Education,0.44007609025511085
2,237,Scala,Computer_Programming,0.4400855756683165
2,186,MongoDB,Databases,0.44014957393980114
2,233,Java,Computer_Programming,0.4406203373738514
2,169,Data_mining,Machine_Learning,0.4408942587426935
2,180,Data mining,Machine_Learning,0.4408942587426935
2,159,Mobile_marketing,Advertising,0.44102065310688754
2,18,BiomedicalEngineering,Biomedical,0.44365415892944227
2,52,Human_resource_management,Recuting,0.4451762095508436
2,240,Python,Computer_Programming,0.4466437420392072
2,6,Doctor_of_Philosophy,Education,0.4471374621373583
2,225,Computer_Programming,Computer_Programming,0.44875513274431766
2,170,Clustering,Machine_Learning,0.4540377391051519
2,221,Product,ProductDevelopment,0.4542530158511887
2,1,Master's_degree_in_Europe,Education,0.45622652813160325
2,38,Stock_Trader,capital_market,0.4565346913863
2,31,Corporate_finance,capital_market,0.4567249093517206
2,163,Viral_marketing,Advertising,0.45691186074171186
2,204,NoSQL,Databases,0.4572331565850801
2,191,DB1,Databases,0.4574319725519431
2,37,Finance,capital_market,0.45778957563518285
2,140,DSDA06,Edison,0.4582314981561345
2,44,Important_Methods_For_Statistical_Data_Analysis,Statistics,0.4587159363482908
2,117,DSDM03,Edison,0.4598186583774513
2,68,Git,statistical_software,0.4624130118673211
2,144,Git,Software,0.4624130118673211
2,40,StatisticalTechniques,Statistics,0.46269554166512705
2,118,DSDM05,Edison,0.46405350346484253
2,114,DSDM06,Edison,0.46424115534110133
2,113,DSRM02,Edison,0.4643351377194267
2,73,Octave,statistical_software,0.46434365504685726
2,148,Octave,Software,0.46434365504685726
2,171,Machine learning,Machine_Learning,0.4662437820905002
2,174,Machine_learning,Machine_Learning,0.4662437820905002
2,95,Corporate communication,Business,0.4672670786636457
2,232,C++,Computer_Programming,0.4676372266143868
2,189,MySQL,Databases,0.4679987941664938
2,218,CAD,ProductDevelopment,0.4697945211269312
2,188,ODBMS,Databases,0.4713080200154447
2,175,Text mining,Machine_Learning,0.4718104187034612
2,178,Text_mining,Machine_Learning,0.4718104187034612
2,10,Engineer_degree,Education,0.4722458443304821
2,131,DSRM04,Edison,0.47450031475526766
2,56,Human_resource_consulting,Recuting,0.47529228000177515
2,224,C,Computer_Programming,0.47565277692577423
2,32,Financial_market,capital_market,0.47570622630204484
2,230,Objective-C,Computer_Programming,0.47643506635331145
2,229,C_Sharp,Computer_Programming,0.4767165612690032
2,94,Business Model,Business,0.4772526227628314
2,66,SAS,statistical_software,0.47875542237947644
2,142,SAS,Software,0.47875542237947644
2,227,SAS,Computer_Programming,0.47875542237947644
2,8,Master_degree,Education,0.4791839199887109
2,194,Database2,Databases,0.48231963018913837
2,247,Computer_network,Computer_Programming,0.48275840828792194
2,57,Distributed Computing,Distributed,0.48341251178784794
2,63,Distributed_Computing,Distributed,0.48341251178784794
2,59,Cloud_Computing,Distributed,0.4840118645202349
2,65,Cloud Computing,Distributed,0.4840118645202349
2,246,R,Computer_Programming,0.4863048247716414
2,13,Master_of_Engineering,Education,0.4872326060359098
2,235,PHP,Computer_Programming,0.48823210300375774
2,238,PL-SQL,Computer_Programming,0.49237987472719824
2,222,RequirementsManagement,ProductDevelopment,0.49310264961242944
2,17,Biomedicine,Biomedical,0.4935806812891139
2,242,JavaScript,Computer_Programming,0.4965280394134419
2,197,Data_mart,Databases,0.4975737846294165
2,70,SPSS,statistical_software,0.4978076983776041
2,145,SPSS,Software,0.4978076983776041
2,228,Programmer,Computer_Programming,0.49795231177877874
2,125,DSDK05,Edison,0.49811482359804615
2,239,Julia,Computer_Programming,0.49847783783273436
2,7,Master_of_Science,Education,0.4992930949654747
2,71,Weka,statistical_software,0.4997105317274795
2,146,Weka,Software,0.4997105317274795
2,219,MarketPenetration,ProductDevelopment,0.5001216737892488
2,105,DSRM02_Systematic_study,Research,0.5030288334335893
2,120,DSRM05,Edison,0.5075354364380854
2,115,DSRM03,Edison,0.5094846941492999
2,167,Supervised_Learning,Machine_Learning,0.5095061802602261
2,168,Supervised Learning,Machine_Learning,0.5095061802602261
2,78,Mathematica,statistical_software,0.5096280672519784
2,153,Mathematica,Software,0.5096280672519784
2,12,Graduate_school,Education,0.5119798817659937
2,28,CapitalMarket,capital_market,0.5122364584264576
2,207,DB3,Databases,0.5139088436356978
2,107,RMO,Research,0.515178919821333
2,99,IsOperationsResearchReallyResearch,Research,0.5163532102355952
2,193,DB6,Databases,0.5182177577408771
2,25,Financial_services,capital_market,0.5206091367114527
2,74,MATLAB,statistical_software,0.5236435880872592
2,149,MATLAB,Software,0.5236435880872592
2,61,Grid_computing,Distributed,0.5268107428205193
2,62,Grid computing,Distributed,0.5268107428205193
2,39,A_Guide_to_Statistical_Techniques,Statistics,0.5277132302981872
2,15,Master_of_Laws,Education,0.5319799295131782
2,76,KNIME,statistical_software,0.5325017612797718
2,151,KNIME,Software,0.5325017612797718
2,132,DSENG02,Edison,0.5327360385713844
2,72,Oracle Data Mining,statistical_software,0.5352591673877993
2,80,Oracle_Data_Mining,statistical_software,0.5352591673877993
2,147,Oracle Data Mining,Software,0.5352591673877993
2,155,Oracle_Data_Mining,Software,0.5352591673877993
2,36,Stock_Exchange,capital_market,0.5353583085673629
2,93,Service-oriented modeling,Business,0.5368677925445898
2,201,Oracle_Database,Databases,0.5373762066965055
2,213,Time_toMarket,ProductDevelopment,0.5373844847744798
2,101,RM5,Research,0.5406447043123397
2,216,VirtualProductDevelopment,ProductDevelopment,0.5416858563868008
2,75,GATE,statistical_software,0.5427657895558216
2,150,GATE,Software,0.5427657895558216
2,64,Hadoop,Distributed,0.5429921679041305
2,0,First_professional_degree,Education,0.543921152763695
2,226,pbdR,Computer_Programming,0.5441773218203838
2,11,Educational_specialist,Education,0.5464011669233966
2,98,RM2,Research,0.5465746803240344
2,106,DSRM06_Contribute_research_objectives,Research,0.5476481927610048
2,54,Employment_agency,Recuting,0.5488496670560858
2,77,Waffles,statistical_software,0.5505205265876066
2,152,Waffles,Software,0.5505205265876066
2,173,Categorization,Machine_Learning,0.552559721962343
2,141,DSENG05,Edison,0.5530410050571967
2,34,FinancialRegulation,capital_market,0.5571737667953217
2,181,Statistical method,Machine_Learning,0.5582020993809831
2,184,Statistical_method,Machine_Learning,0.5582020993809831
2,5,Terminal_degree,Education,0.5599746860881993
2,16,BiomedicalEngineers2,Biomedical,0.566693259543902
2,165,Unsupervised_learning,Machine_Learning,0.5670501210216421
2,179,Unsupervised learning,Machine_Learning,0.5670501210216421
2,198,Microsoft_SQL_Server,Databases,0.5684622454259999
2,58,Hortonworks,Distributed,0.5706101048466974
2,211,db,Databases,0.5720118711497825
2,45,Correlation,Statistics,0.572431289817253
2,47,Summary_Table_for_Statistical_Techniques,Statistics,0.5727266351849452
2,243,Software_engineer,Computer_Programming,0.5735006756264225
2,96,ScholarlyMethod,Research,0.5738738749552941
2,79,Software,statistical_software,0.5745789674013883
2,154,Software,Software,0.5745789674013883
2,245,Software_developer,Computer_Programming,0.5749524536453113
2,217,Product_life-CycleManagement,ProductDevelopment,0.5756886305302861
2,85,Non-store_retailing,e-commerce,0.5757483957963603
2,206,database,Databases,0.5786219546927638
2,190,RDBMS,Databases,0.5803874321951551
2,111,SS,Research,0.5861911242292303
2,49,Executive_search,Recuting,0.5864921191537615
2,19,_BiomedicalEngineers,Biomedical,0.5893177615509898
2,83,Types_of_e-commerce,e-commerce,0.5964447643082577
2,86,Digital_economy,e-commerce,0.597778949318719
2,60,Cloudera,Distributed,0.5984072802982284
2,156,Co-marketing,Advertising,0.5986490873031001
2,192,DB5,Databases,0.6027392240196038
2,203,SPARQL,Databases,0.6030110795432004
2,241,Software_architecture,Computer_Programming,0.6033005676781606
2,236,System_programming,Computer_Programming,0.604430323813816
2,209,Elasticsearch,Databases,0.6099905137559273
2,43,List_of_statistical_packages,Statistics,0.6126944153450518
2,22,List_of_statistical_packages,Math_Stats_tools,0.6131400906152831
2,69,List_of_statistical_packages,statistical_software,0.6131400906152831
2,244,Transact-SQL,Computer_Programming,0.6135481085514043
2,160,Interactive_advertising,Advertising,0.6136709766093731
2,51,Employment_websites,Recuting,0.6173010125600928
2,199,IBM_DB2,Databases,0.6181516499126347
2,33,Financial_market_efficiency,capital_market,0.6189089382407189
2,185,Apache_HBase,Databases,0.6197969605429964
2,4,Chemistry_Quality_Eurolabels,Education,0.6215688999847099
2,30,Financial_instrument,capital_market,0.6216095841160346
2,223,C--,Computer_Programming,0.624985534026501
2,14,Professional_Science_Master's_Degree,Education,0.6261621652658906
2,164,Video_commerce,Advertising,0.6282451191560499
2,234,Objective-J,Computer_Programming,0.6302182291510026
2,82,Online_marketplace,e-commerce,0.6435550496887302
2,103,DSRM01_Scientific_method,Research,0.6445898229216819
2,110,FrascatiDefinitionofResearch,Research,0.6448991679078011
2,9,European_Joint_Master_degree_in_Economics,Education,0.6514791217859053
2,220,Pro-innovation_bias,ProductDevelopment,0.6536231353283066
2,182,Classification,Machine_Learning,0.6543770102998754
2,27,FinanceCapitalism,capital_market,0.6617876643779499
2,67,JMP,statistical_software,0.6634702215649224
2,143,JMP,Software,0.6634702215649224
2,84,E-commerce_credit_card_payment_system,e-commerce,0.6635738502662087
2,50,Personality-job_fit_theory,Recuting,0.6699328100330761
2,108,RM1,Research,0.6795701701469345
2,97,UndergraduateResearch,Research,0.6829590556278112
2,161,Meta-advertising,Advertising,0.6898726061422081
2,3,Master_of_Applied_Science,Education,0.7036949177284337
2,35,Investment_theory,capital_market,0.705328165989177
2,53,Employment_agencies,Recuting,0.7085354602725407
2,187,DB2,Databases,0.714094698743201
2,202,Databases,Databases,0.7302884600394532
2,48,Executive_search_firms,Recuting,0.7392303347397498
2,100,Secondary_research,Research,0.7471776822248262
2,109,Primary_Research,Research,0.7530020741855279
2,21,Lists_of_mathematics_topics,Math_Stats_tools,0.7624767921868555
2,215,productDevelopment,ProductDevelopment,0.765766767896337
3,89,Business,Business,0.31399542397753133
3,129,DSDK03,Edison,0.3395392572816093
3,128,DSDA05,Edison,0.34229916982154496
3,112,DSRM06,Edison,0.34295433763054184
3,138,DSRM01,Edison,0.3432090710295672
3,177,Predictive Analytics,Machine_Learning,0.34711288886765035
3,183,Predictive_Analytics,Machine_Learning,0.34711288886765035
3,119,DSDA02,Edison,0.3484536375907701
3,139,DSDA01,Edison,0.35231745518705704
3,102,RM3,Research,0.36046217734138264
3,122,DSDA03,Edison,0.36281274402325814
3,26,Financial_economics,capital_market,0.3669768134896597
3,134,DSDA04,Edison,0.3729613621347486
3,127,DSENG03,Edison,0.37566316946016787
3,81,E-commerce,e-commerce,0.3771667152430661
3,46,DataAnalytics,Statistics,0.378026170877935
3,210,PostgreSQL,Databases,0.37963248757709966
3,91,Job interview,Business,0.38079898619615515
3,231,Ruby,Computer_Programming,0.38626482908354676
3,238,PL-SQL,Computer_Programming,0.39103074236749547
3,166,Statistics,Machine_Learning,0.3931575753119181
3,20,Statistics,Math_Stats_tools,0.3932544705289037
3,41,Statistics,Statistics,0.3932544705289037
3,137,DSENG04,Edison,0.39431176211764707
3,68,Git,statistical_software,0.39947738232147045
3,144,Git,Software,0.39947738232147045
3,6,Doctor_of_Philosophy,Education,0.4007890019049176
3,133,DSDK02,Edison,0.4007927581873494
3,172,Information_Retrieval,Machine_Learning,0.40115633474662915
3,176,Information Retrieval,Machine_Learning,0.40115633474662915
3,136,DSDM01,Edison,0.40434501185013827
3,124,DSDK04,Edison,0.40506955396567557
3,130,DSENG06,Edison,0.40961032972639455
3,123,DSDK01,Edison,0.41107479601886043
3,104,RM4,Research,0.41274083595520816
3,18,BiomedicalEngineering,Biomedical,0.41336226542148735
3,225,Computer_Programming,Computer_Programming,0.41449014275972196
3,237,Scala,Computer_Programming,0.4159392952547293
3,90,Business Intelligence,Business,0.4159467103092884
3,121,DSDM02,Edison,0.4174517282835475
3,228,Programmer,Computer_Programming,0.4179405809989477
3,2,Bachelor_degree,Education,0.41968708141673183
3,116,DSDM04,Edison,0.42023349222464146
3,73,Octave,statistical_software,0.42139795141290526
3,148,Octave,Software,0.42139795141290526
3,42,6_BASIC_STATISTICAL_TOOLS,Statistics,0.42282330106425803
3,126,DSENG01,Edison,0.42461125068550387
3,55,Onboarding,Recuting,0.42671887354452365
3,71,Weka,statistical_software,0.42673384027343975
3,146,Weka,Software,0.42673384027343975
3,12,Graduate_school,Education,0.42723580724339505
3,196,DB4,Databases,0.4276362187786006
3,31,Corporate_finance,capital_market,0.42797826961618013
3,195,MonetDB,Databases,0.42957102643708633
3,120,DSRM05,Edison,0.43151746543674807
3,87,Business communication,Business,0.43226197968055224
3,230,Objective-C,Computer_Programming,0.4342119090340877
3,212,Data_warehouse,Databases,0.43493795332937235
3,233,Java,Computer_Programming,0.43614412049723983
3,167,Supervised_Learning,Machine_Learning,0.4364890359902134
3,168,Supervised Learning,Machine_Learning,0.4364890359902134
3,232,C++,Computer_Programming,0.43980857310070054
3,224,C,Computer_Programming,0.44032658496071375
3,214,New_product_development,ProductDevelopment,0.44081003842400934
3,240,Python,Computer_Programming,0.44106308057249144
3,171,Machine learning,Machine_Learning,0.44158641599148507
3,174,Machine_learning,Machine_Learning,0.44158641599148507
3,93,Service-oriented modeling,Business,0.4419549678376321
3,229,C_Sharp,Computer_Programming,0.44450247045341496
3,24,Math_Stats_tools,Math_Stats_tools,0.44521686236440583
3,157,MarketingMix,Advertising,0.4464425672319092
3,92,Project management,Business,0.4469329207588685
3,135,DSDK06,Edison,0.44816422144115686
3,59,Cloud_Computing,Distributed,0.44817698782905613
3,65,Cloud Computing,Distributed,0.44817698782905613
3,208,Database,Databases,0.4492236775692051
3,131,DSRM04,Edison,0.44970193556286164
3,29,Mathematical_finance,capital_market,0.4525328224305385
3,173,Categorization,Machine_Learning,0.45308882831533603
3,88,Business Management,Business,0.4533744895501707
3,52,Human_resource_management,Recuting,0.45578376117266484
3,200,CouchDB,Databases,0.4577365215445667
3,246,R,Computer_Programming,0.4583990405981432
3,23,Mathematics,Math_Stats_tools,0.45891098869362734
3,1,Master's_degree_in_Europe,Education,0.46005256235944714
3,106,DSRM06_Contribute_research_objectives,Research,0.4606583142323494
3,221,Product,ProductDevelopment,0.4609501487878206
3,98,RM2,Research,0.46209347213292173
3,94,Business Model,Business,0.4626644166948629
3,189,MySQL,Databases,0.46307924306336545
3,170,Clustering,Machine_Learning,0.463326097337027
3,114,DSDM06,Edison,0.4635588784465656
3,56,Human_resource_consulting,Recuting,0.46454231286745984
3,163,Viral_marketing,Advertising,0.46546286165273876
3,158,Advertising,Advertising,0.46691485985103276
3,242,JavaScript,Computer_Programming,0.4671049465847854
3,186,MongoDB,Databases,0.4687091481984539
3,115,DSRM03,Edison,0.4690662311588487
3,159,Mobile_marketing,Advertising,0.4696138058085253
3,162,Television_advertisement,Advertising,0.46973180246328605
3,117,DSDM03,Edison,0.46984142604435497
3,169,Data_mining,Machine_Learning,0.46985255660431136
3,180,Data mining,Machine_Learning,0.46985255660431136
3,239,Julia,Computer_Programming,0.47058590995176286
3,205,DSENG04_Relational_non-relational_databases,Databases,0.47112077555982745
3,107,RMO,Research,0.471520326356366
3,10,Engineer_degree,Education,0.47219013213730254
3,188,ODBMS,Databases,0.47560760347538533
3,218,CAD,ProductDevelopment,0.4769532992547544
3,75,GATE,statistical_software,0.4802826800910698
3,150,GATE,Software,0.4802826800910698
3,25,Financial_services,capital_market,0.4806749195658224
3,64,Hadoop,Distributed,0.48121908830246496
3,140,DSDA06,Edison,0.4813985897570574
3,118,DSDM05,Edison,0.4818833481575975
3,54,Employment_agency,Recuting,0.4825237273163743
3,245,Software_developer,Computer_Programming,0.4827128192004272
3,76,KNIME,statistical_software,0.4868862829113385
3,151,KNIME,Software,0.4868862829113385
3,32,Financial_market,capital_market,0.48803400293058496
3,165,Unsupervised_learning,Machine_Learning,0.4906448266846499
3,179,Unsupervised learning,Machine_Learning,0.4906448266846499
3,28,CapitalMarket,capital_market,0.4908844363956719
3,15,Master_of_Laws,Education,0.49157222928161226
3,0,First_professional_degree,Education,0.49374147899427245
3,37,Finance,capital_market,0.4944508206647735
3,39,A_Guide_to_Statistical_Techniques,Statistics,0.4949337190495263
3,40,StatisticalTechniques,Statistics,0.49513462251563567
3,17,Biomedicine,Biomedical,0.4963897636373884
3,7,Master_of_Science,Education,0.49736131954953733
3,99,IsOperationsResearchReallyResearch,Research,0.498309753415073
3,235,PHP,Computer_Programming,0.4993897204197374
3,95,Corporate communication,Business,0.5009008923142535
3,38,Stock_Trader,capital_market,0.5017675236268421
3,113,DSRM02,Edison,0.5045318545903943
3,13,Master_of_Engineering,Education,0.5069758291456831
3,27,FinanceCapitalism,capital_market,0.5071982204199097
3,8,Master_degree,Education,0.5075502333450188
3,61,Grid_computing,Distributed,0.5086005084563039
3,62,Grid computing,Distributed,0.5086005084563039
3,4,Chemistry_Quality_Eurolabels,Education,0.510448710628344
3,57,Distributed Computing,Distributed,0.5130179924939982
3,63,Distributed_Computing,Distributed,0.5130179924939982
3,204,NoSQL,Databases,0.5146996490084523
3,191,DB1,Databases,0.5150338176729358
3,5,Terminal_degree,Education,0.5152039765616687
3,194,Database2,Databases,0.5201367844183578
3,197,Data_mart,Databases,0.5209643819178043
3,78,Mathematica,statistical_software,0.5251898249483458
3,153,Mathematica,Software,0.5251898249483458
3,45,Correlation,Statistics,0.5254252842239393
3,70,SPSS,statistical_software,0.5259151787935158
3,145,SPSS,Software,0.5259151787935158
3,175,Text mining,Machine_Learning,0.526166384057704
3,178,Text_mining,Machine_Learning,0.526166384057704
3,74,MATLAB,statistical_software,0.5272118788075526
3,149,MATLAB,Software,0.5272118788075526
3,219,MarketPenetration,ProductDevelopment,0.5282273111811673
3,190,RDBMS,Databases,0.529126802081656
3,101,RM5,Research,0.5299373149142074
3,193,DB6,Databases,0.5302293153260033
3,243,Software_engineer,Computer_Programming,0.5323331113803014
3,203,SPARQL,Databases,0.5347118518226421
3,44,Important_Methods_For_Statistical_Data_Analysis,Statistics,0.5350195393672349
3,105,DSRM02_Systematic_study,Research,0.5366091820264409
3,58,Hortonworks,Distributed,0.5368485351141254
3,125,DSDK05,Edison,0.5369340640730844
3,247,Computer_network,Computer_Programming,0.5370850932540693
3,36,Stock_Exchange,capital_market,0.5399163849543118
3,66,SAS,statistical_software,0.542013359232979
3,142,SAS,Software,0.542013359232979
3,227,SAS,Computer_Programming,0.542013359232979
3,11,Educational_specialist,Education,0.5443858624293155
3,222,RequirementsManagement,ProductDevelopment,0.544452533931767
3,79,Software,statistical_software,0.5450461744941772
3,154,Software,Software,0.5450461744941772
3,207,DB3,Databases,0.5469632209775668
3,199,IBM_DB2,Databases,0.5475064439873427
3,34,FinancialRegulation,capital_market,0.5527700745126034
3,96,ScholarlyMethod,Research,0.5539232260133755
3,51,Employment_websites,Recuting,0.5539598184868237
3,50,Personality-job_fit_theory,Recuting,0.5549686984895252
3,60,Cloudera,Distributed,0.5550678480632798
3,198,Microsoft_SQL_Server,Databases,0.5582118935161947
3,201,Oracle_Database,Databases,0.5634886446082767
3,216,VirtualProductDevelopment,ProductDevelopment,0.565230883552551
3,103,DSRM01_Scientific_method,Research,0.5676482861171965
3,110,FrascatiDefinitionofResearch,Research,0.5678359469578702
3,213,Time_toMarket,ProductDevelopment,0.5698556163860146
3,241,Software_architecture,Computer_Programming,0.57438728602201
3,83,Types_of_e-commerce,e-commerce,0.5744321158580579
3,211,db,Databases,0.57496438923951
3,181,Statistical method,Machine_Learning,0.575721477051591
3,184,Statistical_method,Machine_Learning,0.575721477051591
3,72,Oracle Data Mining,statistical_software,0.577827525201545
3,80,Oracle_Data_Mining,statistical_software,0.577827525201545
3,147,Oracle Data Mining,Software,0.577827525201545
3,155,Oracle_Data_Mining,Software,0.577827525201545
3,236,System_programming,Computer_Programming,0.5778644038065819
3,209,Elasticsearch,Databases,0.5802954409047297
3,244,Transact-SQL,Computer_Programming,0.5806755595506317
3,77,Waffles,statistical_software,0.5811867288093651
3,152,Waffles,Software,0.5811867288093651
3,33,Financial_market_efficiency,capital_market,0.5828262384281577
3,47,Summary_Table_for_Statistical_Techniques,Statistics,0.58322773574948
3,86,Digital_economy,e-commerce,0.5846362978512938
3,234,Objective-J,Computer_Programming,0.5880382104356185
3,226,pbdR,Computer_Programming,0.5883007348325653
3,187,DB2,Databases,0.5916825186946537
3,132,DSENG02,Edison,0.5917188892293861
3,223,C--,Computer_Programming,0.5947221653364267
3,85,Non-store_retailing,e-commerce,0.5967016199884547
3,141,DSENG05,Edison,0.5990110444692419
3,16,BiomedicalEngineers2,Biomedical,0.5994630030056012
3,3,Master_of_Applied_Science,Education,0.6025323532982816
3,192,DB5,Databases,0.6050690560771872
3,14,Professional_Science_Master's_Degree,Education,0.6053177772472749
3,185,Apache_HBase,Databases,0.6090323472736531
3,49,Executive_search,Recuting,0.6100416659792766
3,217,Product_life-CycleManagement,ProductDevelopment,0.6106099038844104
3,97,UndergraduateResearch,Research,0.6139548284999318
3,156,Co-marketing,Advertising,0.6153724942495444
3,108,RM1,Research,0.6159801022690001
3,82,Online_marketplace,e-commerce,0.6173424724691712
3,182,Classification,Machine_Learning,0.6195993160931597
3,30,Financial_instrument,capital_market,0.620374390876624
3,111,SS,Research,0.6209581550763487
3,19,_BiomedicalEngineers,Biomedical,0.6291191844948523
3,84,E-commerce_credit_card_payment_system,e-commerce,0.6309214298532446
3,220,Pro-innovation_bias,ProductDevelopment,0.6465300432582903
3,164,Video_commerce,Advertising,0.6466217169777936
3,9,European_Joint_Master_degree_in_Economics,Education,0.6571366952045031
3,67,JMP,statistical_software,0.6572517208475118
3,143,JMP,Software,0.6572517208475118
3,160,Interactive_advertising,Advertising,0.6660552449496422
3,48,Executive_search_firms,Recuting,0.6742193813244912
3,206,database,Databases,0.6765823977252654
3,53,Employment_agencies,Recuting,0.6795008868440557
3,109,Primary_Research,Research,0.6799619102423284
3,22,List_of_statistical_packages,Math_Stats_tools,0.6818062909619866
3,69,List_of_statistical_packages,statistical_software,0.6818062909619866
3,43,List_of_statistical_packages,Statistics,0.6819678283633738
3,100,Secondary_research,Research,0.7022499694434943
3,202,Databases,Databases,0.7186446150192364
3,161,Meta-advertising,Advertising,0.7257622428343918
3,35,Investment_theory,capital_market,0.7302643722189883
3,21,Lists_of_mathematics_topics,Math_Stats_tools,0.7940623581447902
3,215,productDevelopment,ProductDevelopment,0.8196313373350423
4,242,JavaScript,Computer_Programming,0.3376860207498288
4,89,Business,Business,0.3867769897025527
4,137,DSENG04,Edison,0.38961430162593325
4,92,Project management,Business,0.40686602868975363
4,129,DSDK03,Edison,0.41236044057539223
4,200,CouchDB,Databases,0.4180852027910471
4,134,DSDA04,Edison,0.41957068105479656
4,136,DSDM01,Edison,0.4271011010808977
4,128,DSDA05,Edison,0.43130544800212445
4,2,Bachelor_degree,Education,0.4327091146541281
4,159,Mobile_marketing,Advertising,0.440613207885832
4,119,DSDA02,Edison,0.4424457473137744
4,193,DB6,Databases,0.44368053618536996
4,10,Engineer_degree,Education,0.44761580733061856
4,102,RM3,Research,0.44868424170975896
4,87,Business communication,Business,0.44873845059219164
4,130,DSENG06,Edison,0.4497951234402022
4,112,DSRM06,Edison,0.45022701326306636
4,138,DSRM01,Edison,0.45607785625311603
4,26,Financial_economics,capital_market,0.4566191618185703
4,126,DSENG01,Edison,0.4583481877007477
4,121,DSDM02,Edison,0.45927703122206587
4,210,PostgreSQL,Databases,0.45953853681382395
4,81,E-commerce,e-commerce,0.4610837967273793
4,117,DSDM03,Edison,0.4643770795331639
4,212,Data_warehouse,Databases,0.4647304691048807
4,122,DSDA03,Edison,0.4681187324210181
4,221,Product,ProductDevelopment,0.4694923402477408
4,40,StatisticalTechniques,Statistics,0.4727429107160829
4,31,Corporate_finance,capital_market,0.47316756185521913
4,123,DSDK01,Edison,0.4733967337731142
4,6,Doctor_of_Philosophy,Education,0.4736867148784343
4,158,Advertising,Advertising,0.47530119056829345
4,18,BiomedicalEngineering,Biomedical,0.47772054685127685
4,46,DataAnalytics,Statistics,0.48106945108004406
4,90,Business Intelligence,Business,0.4828481712493956
4,162,Television_advertisement,Advertising,0.4836268848364188
4,139,DSDA01,Edison,0.4865005286727746
4,195,MonetDB,Databases,0.48700015064109925
4,157,MarketingMix,Advertising,0.4872586229726019
4,229,C_Sharp,Computer_Programming,0.4873125753477552
4,177,Predictive Analytics,Machine_Learning,0.488238062809937
4,183,Predictive_Analytics,Machine_Learning,0.488238062809937
4,116,DSDM04,Edison,0.48984160835806234
4,13,Master_of_Engineering,Education,0.4899147867972613
4,237,Scala,Computer_Programming,0.49005948452183645
4,133,DSDK02,Edison,0.492648277060419
4,240,Python,Computer_Programming,0.4934513607043406
4,55,Onboarding,Recuting,0.4950280617517081
4,15,Master_of_Laws,Education,0.49524861384126095
4,24,Math_Stats_tools,Math_Stats_tools,0.49530850055340037
4,225,Computer_Programming,Computer_Programming,0.49604286478970117
4,231,Ruby,Computer_Programming,0.4963149162337732
4,205,DSENG04_Relational_non-relational_databases,Databases,0.49655720473029885
4,114,DSDM06,Edison,0.49969114488186916
4,214,New_product_development,ProductDevelopment,0.4998900173517884
4,131,DSRM04,Edison,0.5008603479763039
4,196,DB4,Databases,0.5036999127325346
4,172,Information_Retrieval,Machine_Learning,0.5049532841953153
4,176,Information Retrieval,Machine_Learning,0.5049532841953153
4,1,Master's_degree_in_Europe,Education,0.5069441236624188
4,218,CAD,ProductDevelopment,0.5078877965315265
4,238,PL-SQL,Computer_Programming,0.5084208655262366
4,42,6_BASIC_STATISTICAL_TOOLS,Statistics,0.5084656889662217
4,127,DSENG03,Edison,0.5096277587845853
4,38,Stock_Trader,capital_market,0.5118175712334715
4,118,DSDM05,Edison,0.5118500694205161
4,91,Job interview,Business,0.512552149377798
4,68,Git,statistical_software,0.5126021342171831
4,144,Git,Software,0.5126021342171831
4,207,DB3,Databases,0.5138933601843587
4,230,Objective-C,Computer_Programming,0.5147077807533824
4,247,Computer_network,Computer_Programming,0.5149277109004566
4,8,Master_degree,Education,0.5172908254427345
4,208,Database,Databases,0.5178997988047094
4,23,Mathematics,Math_Stats_tools,0.5197709515338298
4,246,R,Computer_Programming,0.5204964381142565
4,25,Financial_services,capital_market,0.5222722738060537
4,71,Weka,statistical_software,0.5224388780192205
4,146,Weka,Software,0.5224388780192205
4,20,Statistics,Math_Stats_tools,0.5228623244412387
4,41,Statistics,Statistics,0.5228623244412387
4,239,Julia,Computer_Programming,0.5229471778075503
4,94,Business Model,Business,0.5229527410583621
4,64,Hadoop,Distributed,0.5230256112430793
4,95,Corporate communication,Business,0.523213208820761
4,224,C,Computer_Programming,0.5243084001726146
4,233,Java,Computer_Programming,0.5246241448754934
4,235,PHP,Computer_Programming,0.5248384476643371
4,166,Statistics,Machine_Learning,0.5255317327378457
4,104,RM4,Research,0.5259822940163719
4,7,Master_of_Science,Education,0.5270675937894018
4,140,DSDA06,Edison,0.5295209971884625
4,88,Business Management,Business,0.5301786349419115
4,232,C++,Computer_Programming,0.5316238719411439
4,234,Objective-J,Computer_Programming,0.5356798930967653
4,135,DSDK06,Edison,0.5371107991333504
4,66,SAS,statistical_software,0.5375904990684757
4,142,SAS,Software,0.5375904990684757
4,227,SAS,Computer_Programming,0.5375904990684757
4,228,Programmer,Computer_Programming,0.5396659099161781
4,28,CapitalMarket,capital_market,0.5401555603769412
4,73,Octave,statistical_software,0.5403598013170406
4,148,Octave,Software,0.5403598013170406
4,124,DSDK04,Edison,0.5412017082105036
4,0,First_professional_degree,Education,0.5414600591813463
4,52,Human_resource_management,Recuting,0.5418941810214327
4,39,A_Guide_to_Statistical_Techniques,Statistics,0.543217214884167
4,12,Graduate_school,Education,0.544261468983019
4,186,MongoDB,Databases,0.5445274621292486
4,76,KNIME,statistical_software,0.5455683689923876
4,151,KNIME,Software,0.5455683689923876
4,171,Machine learning,Machine_Learning,0.545953826458002
4,174,Machine_learning,Machine_Learning,0.545953826458002
4,75,GATE,statistical_software,0.5462284987225714
4,150,GATE,Software,0.5462284987225714
4,169,Data_mining,Machine_Learning,0.5470469251830539
4,180,Data mining,Machine_Learning,0.5470469251830539
4,57,Distributed Computing,Distributed,0.547234196457794
4,63,Distributed_Computing,Distributed,0.547234196457794
4,185,Apache_HBase,Databases,0.5475516944172847
4,189,MySQL,Databases,0.5494687288352053
4,191,DB1,Databases,0.5501384367845339
4,32,Financial_market,capital_market,0.5503163545990623
4,204,NoSQL,Databases,0.5508548850479791
4,29,Mathematical_finance,capital_market,0.5511656601159166
4,194,Database2,Databases,0.5514034449192957
4,120,DSRM05,Edison,0.5540865336412979
4,70,SPSS,statistical_software,0.554886154906236
4,145,SPSS,Software,0.554886154906236
4,190,RDBMS,Databases,0.5552994434879246
4,163,Viral_marketing,Advertising,0.5570648983905593
4,188,ODBMS,Databases,0.5598486110867505
4,201,Oracle_Database,Databases,0.5626949807644532
4,37,Finance,capital_market,0.5640784979462983
4,78,Mathematica,statistical_software,0.5641895783654725
4,153,Mathematica,Software,0.5641895783654725
4,226,pbdR,Computer_Programming,0.5648586501049466
4,36,Stock_Exchange,capital_market,0.5652457393820802
4,93,Service-oriented modeling,Business,0.5653596010138905
4,74,MATLAB,statistical_software,0.5663762824775018
4,149,MATLAB,Software,0.5663762824775018
4,98,RM2,Research,0.5673465322559119
4,132,DSENG02,Edison,0.5679728993755983
4,222,RequirementsManagement,ProductDevelopment,0.5687766510637912
4,56,Human_resource_consulting,Recuting,0.5688024414074409
4,245,Software_developer,Computer_Programming,0.569081514719812
4,113,DSRM02,Edison,0.5710988152389384
4,16,BiomedicalEngineers2,Biomedical,0.5713544533358939
4,197,Data_mart,Databases,0.5715517487624981
4,198,Microsoft_SQL_Server,Databases,0.5729950038750473
4,106,DSRM06_Contribute_research_objectives,Research,0.573315312985796
4,82,Online_marketplace,e-commerce,0.575029092930393
4,79,Software,statistical_software,0.5761089557547717
4,154,Software,Software,0.5761089557547717
4,170,Clustering,Machine_Learning,0.577590643476905
4,77,Waffles,statistical_software,0.5844583584240333
4,152,Waffles,Software,0.5844583584240333
4,59,Cloud_Computing,Distributed,0.5871533236917577
4,65,Cloud Computing,Distributed,0.5871533236917577
4,181,Statistical method,Machine_Learning,0.5881820060090122
4,184,Statistical_method,Machine_Learning,0.5881820060090122
4,216,VirtualProductDevelopment,ProductDevelopment,0.591174868134295
4,167,Supervised_Learning,Machine_Learning,0.5919775100780595
4,168,Supervised Learning,Machine_Learning,0.5919775100780595
4,107,RMO,Research,0.5920569080694863
4,54,Employment_agency,Recuting,0.5929222978577862
4,34,FinancialRegulation,capital_market,0.5938047199459333
4,61,Grid_computing,Distributed,0.5951633580679094
4,62,Grid computing,Distributed,0.5951633580679094
4,51,Employment_websites,Recuting,0.5967719821164574
4,192,DB5,Databases,0.5975981593188737
4,175,Text mining,Machine_Learning,0.5991561052026236
4,178,Text_mining,Machine_Learning,0.5991561052026236
4,141,DSENG05,Edison,0.5995863714780931
4,115,DSRM03,Edison,0.6000526695920476
4,165,Unsupervised_learning,Machine_Learning,0.6010409188182639
4,179,Unsupervised learning,Machine_Learning,0.6010409188182639
4,11,Educational_specialist,Education,0.6025515604516194
4,99,IsOperationsResearchReallyResearch,Research,0.6032781534237612
4,5,Terminal_degree,Education,0.6035805064208852
4,219,MarketPenetration,ProductDevelopment,0.6047840669456108
4,33,Financial_market_efficiency,capital_market,0.6048193561566013
4,244,Transact-SQL,Computer_Programming,0.6052805497619812
4,84,E-commerce_credit_card_payment_system,e-commerce,0.6052961484832302
4,19,_BiomedicalEngineers,Biomedical,0.6072293968881626
4,47,Summary_Table_for_Statistical_Techniques,Statistics,0.6074835986721758
4,213,Time_toMarket,ProductDevelopment,0.6085517090598396
4,45,Correlation,Statistics,0.6098022857594714
4,58,Hortonworks,Distributed,0.6103051830508734
4,243,Software_engineer,Computer_Programming,0.6107809334568235
4,85,Non-store_retailing,e-commerce,0.611242085409714
4,105,DSRM02_Systematic_study,Research,0.6114430958888849
4,173,Categorization,Machine_Learning,0.6132872199160013
4,30,Financial_instrument,capital_market,0.613353768883099
4,97,UndergraduateResearch,Research,0.6152882817439678
4,223,C--,Computer_Programming,0.6165561640692611
4,199,IBM_DB2,Databases,0.624444944134229
4,72,Oracle Data Mining,statistical_software,0.6267458227401848
4,80,Oracle_Data_Mining,statistical_software,0.6267458227401848
4,147,Oracle Data Mining,Software,0.6267458227401848
4,155,Oracle_Data_Mining,Software,0.6267458227401848
4,203,SPARQL,Databases,0.626957122384395
4,9,European_Joint_Master_degree_in_Economics,Education,0.6280904464618517
4,86,Digital_economy,e-commerce,0.6294873458586513
4,44,Important_Methods_For_Statistical_Data_Analysis,Statistics,0.629622113196723
4,14,Professional_Science_Master's_Degree,Education,0.6301577497174905
4,101,RM5,Research,0.632750506399411
4,3,Master_of_Applied_Science,Education,0.6374312837415863
4,17,Biomedicine,Biomedical,0.638881899100433
4,241,Software_architecture,Computer_Programming,0.6414651132012035
4,4,Chemistry_Quality_Eurolabels,Education,0.6441280823035513
4,209,Elasticsearch,Databases,0.6443391094839975
4,125,DSDK05,Edison,0.6460050818386666
4,236,System_programming,Computer_Programming,0.6499715100127292
4,96,ScholarlyMethod,Research,0.6500515414419454
4,217,Product_life-CycleManagement,ProductDevelopment,0.6508791532216396
4,43,List_of_statistical_packages,Statistics,0.6591798759703149
4,111,SS,Research,0.6593008335800499
4,22,List_of_statistical_packages,Math_Stats_tools,0.6598236932875181
4,69,List_of_statistical_packages,statistical_software,0.6598236932875181
4,27,FinanceCapitalism,capital_market,0.6612973252136808
4,83,Types_of_e-commerce,e-commerce,0.6619429599560887
4,211,db,Databases,0.6652849735698814
4,187,DB2,Databases,0.6664749622158159
4,164,Video_commerce,Advertising,0.6669379977582091
4,67,JMP,statistical_software,0.6671757531925188
4,143,JMP,Software,0.6671757531925188
4,49,Executive_search,Recuting,0.6785481042290389
4,202,Databases,Databases,0.6793537420763429
4,103,DSRM01_Scientific_method,Research,0.6813186071488808
4,60,Cloudera,Distributed,0.6839609625572647
4,53,Employment_agencies,Recuting,0.6842630214740373
4,109,Primary_Research,Research,0.6900405857129885
4,160,Interactive_advertising,Advertising,0.7036563883936291
4,50,Personality-job_fit_theory,Recuting,0.7111744227672301
4,182,Classification,Machine_Learning,0.7122931181545006
4,156,Co-marketing,Advertising,0.7137407140201135
4,110,FrascatiDefinitionofResearch,Research,0.7156698281640689
4,108,RM1,Research,0.7192180100467829
4,21,Lists_of_mathematics_topics,Math_Stats_tools,0.7272418371431608
4,206,database,Databases,0.7347974156457502
4,161,Meta-advertising,Advertising,0.7557348852961782
4,48,Executive_search_firms,Recuting,0.7569605436195934
4,220,Pro-innovation_bias,ProductDevelopment,0.7628687709840726
4,100,Secondary_research,Research,0.7758287126187917
4,35,Investment_theory,capital_market,0.821688774308108
4,215,productDevelopment,ProductDevelopment,0.8378140803348003
5,128,DSDA05,Edison,0.29569920584889897
5,89,Business,Business,0.3265755546616763
5,129,DSDK03,Edison,0.3348996879538214
5,134,DSDA04,Edison,0.3405511240427669
5,122,DSDA03,Edison,0.3410586158689448
5,119,DSDA02,Edison,0.3467095788978892
5,137,DSENG04,Edison,0.3521385600818181
5,210,PostgreSQL,Databases,0.3561641997415589
5,139,DSDA01,Edison,0.36154762740108426
5,177,Predictive Analytics,Machine_Learning,0.362796243856485
5,183,Predictive_Analytics,Machine_Learning,0.362796243856485
5,90,Business Intelligence,Business,0.3646958173416158
5,112,DSRM06,Edison,0.3677520180424264
5,133,DSDK02,Edison,0.3696435496780419
5,24,Math_Stats_tools,Math_Stats_tools,0.373640161204182
5,136,DSDM01,Edison,0.37695765383448787
5,20,Statistics,Math_Stats_tools,0.3785196404853842
5,41,Statistics,Statistics,0.3785196404853842
5,166,Statistics,Machine_Learning,0.38020561847440637
5,158,Advertising,Advertising,0.38144360116391174
5,172,Information_Retrieval,Machine_Learning,0.38162898349962404
5,176,Information Retrieval,Machine_Learning,0.38162898349962404
5,138,DSRM01,Edison,0.38986419211501355
5,81,E-commerce,e-commerce,0.39021758073159774
5,196,DB4,Databases,0.3909295957183462
5,46,DataAnalytics,Statistics,0.39099572673092886
5,126,DSENG01,Edison,0.39250966439827906
5,230,Objective-C,Computer_Programming,0.39514907105784447
5,34,FinancialRegulation,capital_market,0.396777281824477
5,18,BiomedicalEngineering,Biomedical,0.39740878233222654
5,102,RM3,Research,0.39792998808074165
5,195,MonetDB,Databases,0.3992902253838738
5,208,Database,Databases,0.4011913810431378
5,237,Scala,Computer_Programming,0.40120554167373534
5,124,DSDK04,Edison,0.4022498843796698
5,163,Viral_marketing,Advertising,0.40361690383052184
5,130,DSENG06,Edison,0.4046277081265427
5,118,DSDM05,Edison,0.40579815309925515
5,116,DSDM04,Edison,0.4059633167066984
5,87,Business communication,Business,0.4075164422108477
5,162,Television_advertisement,Advertising,0.40774194936524744
5,188,ODBMS,Databases,0.4078490651715191
5,121,DSDM02,Edison,0.40794827233045006
5,159,Mobile_marketing,Advertising,0.40821463287400284
5,231,Ruby,Computer_Programming,0.4085731059798323
5,26,Financial_economics,capital_market,0.4089681639990731
5,247,Computer_network,Computer_Programming,0.40936907288859414
5,104,RM4,Research,0.4111763902268426
5,6,Doctor_of_Philosophy,Education,0.4118864631742345
5,169,Data_mining,Machine_Learning,0.4119384928880132
5,180,Data mining,Machine_Learning,0.4119384928880132
5,127,DSENG03,Edison,0.411941705606901
5,175,Text mining,Machine_Learning,0.41410890936712164
5,178,Text_mining,Machine_Learning,0.41410890936712164
5,242,JavaScript,Computer_Programming,0.41573972426177186
5,31,Corporate_finance,capital_market,0.4170712693685924
5,123,DSDK01,Edison,0.41747600177145083
5,2,Bachelor_degree,Education,0.42088847159007914
5,212,Data_warehouse,Databases,0.4224887333619265
5,225,Computer_Programming,Computer_Programming,0.42251173818612087
5,200,CouchDB,Databases,0.4255106719984777
5,232,C++,Computer_Programming,0.42620140571304177
5,157,MarketingMix,Advertising,0.42834952202812027
5,42,6_BASIC_STATISTICAL_TOOLS,Statistics,0.42880416248415965
5,73,Octave,statistical_software,0.4296823911649651
5,148,Octave,Software,0.4296823911649651
5,246,R,Computer_Programming,0.431724792921382
5,88,Business Management,Business,0.4318551319240701
5,233,Java,Computer_Programming,0.43331168382711716
5,28,CapitalMarket,capital_market,0.43411716993458693
5,94,Business Model,Business,0.4355075150361416
5,229,C_Sharp,Computer_Programming,0.4360419586631935
5,114,DSDM06,Edison,0.43608963841441906
5,214,New_product_development,ProductDevelopment,0.43630992743099783
5,1,Master's_degree_in_Europe,Education,0.43676951739743286
5,240,Python,Computer_Programming,0.4375465846873652
5,91,Job interview,Business,0.4375498957897189
5,228,Programmer,Computer_Programming,0.43990914795846847
5,117,DSDM03,Edison,0.44043423983901486
5,205,DSENG04_Relational_non-relational_databases,Databases,0.4404722032904622
5,224,C,Computer_Programming,0.44271063646639
5,55,Onboarding,Recuting,0.44404515996605853
5,135,DSDK06,Edison,0.44721420621372543
5,38,Stock_Trader,capital_market,0.44750506731939244
5,189,MySQL,Databases,0.4475744377829808
5,10,Engineer_degree,Education,0.4499275089717103
5,191,DB1,Databases,0.45259485940713606
5,204,NoSQL,Databases,0.4535668705815924
5,68,Git,statistical_software,0.4561236840844559
5,144,Git,Software,0.4561236840844559
5,29,Mathematical_finance,capital_market,0.45644509805985123
5,131,DSRM04,Edison,0.45667394159476127
5,25,Financial_services,capital_market,0.45782092876365965
5,71,Weka,statistical_software,0.4582810622490785
5,146,Weka,Software,0.4582810622490785
5,64,Hadoop,Distributed,0.45830837974903105
5,218,CAD,ProductDevelopment,0.4584599771895156
5,238,PL-SQL,Computer_Programming,0.4599769287669705
5,235,PHP,Computer_Programming,0.4603303376825866
5,40,StatisticalTechniques,Statistics,0.46484383373687155
5,13,Master_of_Engineering,Education,0.4654682566931685
5,52,Human_resource_management,Recuting,0.4682798215195719
5,171,Machine learning,Machine_Learning,0.4708671090262281
5,174,Machine_learning,Machine_Learning,0.4708671090262281
5,95,Corporate communication,Business,0.4719236385089254
5,15,Master_of_Laws,Education,0.4741771663148062
5,23,Mathematics,Math_Stats_tools,0.47534043260236525
5,8,Master_degree,Education,0.4760094298229214
5,4,Chemistry_Quality_Eurolabels,Education,0.47739476549540905
5,140,DSDA06,Edison,0.47838608589191134
5,219,MarketPenetration,ProductDevelopment,0.4792965865361326
5,222,RequirementsManagement,ProductDevelopment,0.47956724550115226
5,7,Master_of_Science,Education,0.48155655570127787
5,197,Data_mart,Databases,0.4834425755723548
5,72,Oracle Data Mining,statistical_software,0.4861267328701311
5,80,Oracle_Data_Mining,statistical_software,0.4861267328701311
5,147,Oracle Data Mining,Software,0.4861267328701311
5,155,Oracle_Data_Mining,Software,0.4861267328701311
5,59,Cloud_Computing,Distributed,0.4892534318477091
5,65,Cloud Computing,Distributed,0.4892534318477091
5,193,DB6,Databases,0.49084614704936913
5,170,Clustering,Machine_Learning,0.4932529218092303
5,186,MongoDB,Databases,0.49379982509598463
5,36,Stock_Exchange,capital_market,0.49414875010107595
