1,119,DSDA02,Edison,0.3940540141231631
1,128,DSDA05,Edison,0.40826851063898795
1,89,Business,Business,0.4217708570486284
1,122,DSDA03,Edison,0.42561059475617813
1,116,DSDM04,Edison,0.42579053998672667
1,138,DSRM01,Edison,0.4280916099584725
1,177,Predictive Analytics,Machine_Learning,0.43034836236787855
1,183,Predictive_Analytics,Machine_Learning,0.43034836236787855
1,139,DSDA01,Edison,0.43184056699182405
1,102,RM3,Research,0.43295348977800663
1,112,DSRM06,Edison,0.4332942815101596
1,133,DSDK02,Edison,0.43435717425711406
1,2,Bachelor_degree,Education,0.435987624695382
1,171,Machine learning,Machine_Learning,0.4369109238724359
1,174,Machine_learning,Machine_Learning,0.4369109238724359
1,225,Computer_Programming,Computer_Programming,0.43726652558413726
1,172,Information_Retrieval,Machine_Learning,0.4406681871401582
1,176,Information Retrieval,Machine_Learning,0.4406681871401582
1,42,6_BASIC_STATISTICAL_TOOLS,Statistics,0.44076062042609265
1,126,DSENG01,Edison,0.44393017939432355
1,136,DSDM01,Edison,0.4487394884764089
1,129,DSDK03,Edison,0.4508387501205571
1,87,Business communication,Business,0.4560448823022829
1,46,DataAnalytics,Statistics,0.4566041488794301
1,134,DSDA04,Edison,0.4581212635175642
1,6,Doctor_of_Philosophy,Education,0.45874190478737265
1,114,DSDM06,Edison,0.45958965390335327
1,195,MonetDB,Databases,0.46156051620921035
1,20,Statistics,Math_Stats_tools,0.4624436509393476
1,41,Statistics,Statistics,0.4624436509393476
1,24,Math_Stats_tools,Math_Stats_tools,0.4645234829699272
1,166,Statistics,Machine_Learning,0.46495439884801637
1,55,Onboarding,Recuting,0.46661942683706736
1,40,StatisticalTechniques,Statistics,0.46732355323908426
1,12,Graduate_school,Education,0.4729523046752563
1,13,Master_of_Engineering,Education,0.4758537670357972
1,7,Master_of_Science,Education,0.47765717192585344
1,210,PostgreSQL,Databases,0.47783510095206017
1,26,Financial_economics,capital_market,0.47806241246727565
1,228,Programmer,Computer_Programming,0.47816288374366767
1,104,RM4,Research,0.47982023272282304
1,137,DSENG04,Edison,0.4822179374064044
1,229,C_Sharp,Computer_Programming,0.48224004430553025
1,135,DSDK06,Edison,0.4850442740693872
1,121,DSDM02,Edison,0.4856941547215905
1,208,Database,Databases,0.4872226522789219
1,1,Master's_degree_in_Europe,Education,0.4872594705976262
1,214,New_product_development,ProductDevelopment,0.4892781570552658
1,212,Data_warehouse,Databases,0.48941631485726134
1,66,SAS,statistical_software,0.49004170188831186
1,142,SAS,Software,0.49004170188831186
1,227,SAS,Computer_Programming,0.49004170188831186
1,169,Data_mining,Machine_Learning,0.49389655276855515
1,180,Data mining,Machine_Learning,0.49389655276855515
1,130,DSENG06,Edison,0.4939953330848025
1,95,Corporate communication,Business,0.49550351974387863
1,127,DSENG03,Edison,0.49627135361110997
1,10,Engineer_degree,Education,0.49797360628636067
1,123,DSDK01,Edison,0.49958248779751
1,28,CapitalMarket,capital_market,0.5003287879574826
1,90,Business Intelligence,Business,0.5006114578246161
1,162,Television_advertisement,Advertising,0.501075884582034
1,196,DB4,Databases,0.5015308129866827
1,73,Octave,statistical_software,0.5020460292309983
1,148,Octave,Software,0.5020460292309983
1,167,Supervised_Learning,Machine_Learning,0.502090068937534
1,168,Supervised Learning,Machine_Learning,0.502090068937534
1,23,Mathematics,Math_Stats_tools,0.5028560397058639
1,240,Python,Computer_Programming,0.5032976305019068
1,158,Advertising,Advertising,0.505404644848676
1,124,DSDK04,Edison,0.5078554848250718
1,31,Corporate_finance,capital_market,0.5080555196434777
1,52,Human_resource_management,Recuting,0.5119389617704065
1,56,Human_resource_consulting,Recuting,0.5120376206782979
1,231,Ruby,Computer_Programming,0.5121888993925676
1,71,Weka,statistical_software,0.5132922728627899
1,146,Weka,Software,0.5132922728627899
1,91,Job interview,Business,0.5135976428170038
1,232,C++,Computer_Programming,0.51425568383394
1,157,MarketingMix,Advertising,0.5160958847473096
1,159,Mobile_marketing,Advertising,0.5163776635628133
1,18,BiomedicalEngineering,Biomedical,0.5166941717063198
1,233,Java,Computer_Programming,0.5199269966114272
1,29,Mathematical_finance,capital_market,0.519936287660999
1,68,Git,statistical_software,0.520635031438523
1,144,Git,Software,0.520635031438523
1,188,ODBMS,Databases,0.5212207768434367
1,237,Scala,Computer_Programming,0.5236022098293611
1,218,CAD,ProductDevelopment,0.5242278838454422
1,15,Master_of_Laws,Education,0.5246863714717197
1,224,C,Computer_Programming,0.52757795210547
1,230,Objective-C,Computer_Programming,0.5283150977391838
1,120,DSRM05,Edison,0.5290614150019928
1,92,Project management,Business,0.5296001023369261
1,94,Business Model,Business,0.530501593437966
1,113,DSRM02,Edison,0.535818372049305
1,242,JavaScript,Computer_Programming,0.5363724684799804
1,181,Statistical method,Machine_Learning,0.5371326111746282
1,184,Statistical_method,Machine_Learning,0.5371326111746282
1,34,FinancialRegulation,capital_market,0.5380665505713906
1,32,Financial_market,capital_market,0.5383570882108913
1,200,CouchDB,Databases,0.5387403571346668
1,74,MATLAB,statistical_software,0.5390385306763412
1,149,MATLAB,Software,0.5390385306763412
1,81,E-commerce,e-commerce,0.5397786393492039
1,186,MongoDB,Databases,0.540200365869892
1,189,MySQL,Databases,0.5409256599018194
1,98,RM2,Research,0.5414504739814454
1,235,PHP,Computer_Programming,0.5420968201533591
1,221,Product,ProductDevelopment,0.542467138145266
1,140,DSDA06,Edison,0.5429066646106553
1,54,Employment_agency,Recuting,0.5429661951397169
1,117,DSDM03,Edison,0.5430600552710828
1,106,DSRM06_Contribute_research_objectives,Research,0.5459317517357273
1,25,Financial_services,capital_market,0.5469755508244055
1,173,Categorization,Machine_Learning,0.5470326614085314
1,8,Master_degree,Education,0.5483826035751425
1,194,Database2,Databases,0.5491773880839548
1,175,Text mining,Machine_Learning,0.5493611722711442
1,178,Text_mining,Machine_Learning,0.5493611722711442
1,17,Biomedicine,Biomedical,0.5509918630763746
1,222,RequirementsManagement,ProductDevelopment,0.5517069084347535
1,88,Business Management,Business,0.5525643222371612
1,78,Mathematica,statistical_software,0.5529820301792822
1,153,Mathematica,Software,0.5529820301792822
1,44,Important_Methods_For_Statistical_Data_Analysis,Statistics,0.5531925504968431
1,238,PL-SQL,Computer_Programming,0.5574439734648471
1,246,R,Computer_Programming,0.5594988856277181
1,205,DSENG04_Relational_non-relational_databases,Databases,0.5615470705668382
1,0,First_professional_degree,Education,0.562125756398864
1,236,System_programming,Computer_Programming,0.5642555633281323
1,170,Clustering,Machine_Learning,0.5661979985329626
1,39,A_Guide_to_Statistical_Techniques,Statistics,0.5666087482520207
1,163,Viral_marketing,Advertising,0.5705366211749592
1,165,Unsupervised_learning,Machine_Learning,0.573758242602264
1,179,Unsupervised learning,Machine_Learning,0.573758242602264
1,61,Grid_computing,Distributed,0.574050524497406
1,62,Grid computing,Distributed,0.574050524497406
1,64,Hadoop,Distributed,0.5756801550366244
1,58,Hortonworks,Distributed,0.5760798443145648
1,107,RMO,Research,0.5764982213730703
1,239,Julia,Computer_Programming,0.5771748501422116
1,5,Terminal_degree,Education,0.5780423523931413
1,38,Stock_Trader,capital_market,0.5791108317018531
1,131,DSRM04,Edison,0.5794420280991263
1,37,Finance,capital_market,0.5800835870581394
1,49,Executive_search,Recuting,0.5803796461859154
1,59,Cloud_Computing,Distributed,0.5812173204151039
1,65,Cloud Computing,Distributed,0.5812173204151039
1,125,DSDK05,Edison,0.5834311426465586
1,57,Distributed Computing,Distributed,0.583967030555073
1,63,Distributed_Computing,Distributed,0.583967030555073
1,77,Waffles,statistical_software,0.5850655723970928
1,152,Waffles,Software,0.5850655723970928
1,191,DB1,Databases,0.5871912332860129
1,204,NoSQL,Databases,0.588062399861741
1,247,Computer_network,Computer_Programming,0.5905594504594927
1,118,DSDM05,Edison,0.5919414837093622
1,193,DB6,Databases,0.5941653022510999
1,72,Oracle Data Mining,statistical_software,0.5955174922171219
1,80,Oracle_Data_Mining,statistical_software,0.5955174922171219
1,147,Oracle Data Mining,Software,0.5955174922171219
1,155,Oracle_Data_Mining,Software,0.5955174922171219
1,207,DB3,Databases,0.5955680350762989
1,245,Software_developer,Computer_Programming,0.595656162016946
1,203,SPARQL,Databases,0.5964761902138782
1,36,Stock_Exchange,capital_market,0.5977180525080956
1,243,Software_engineer,Computer_Programming,0.5982064358130066
1,75,GATE,statistical_software,0.5990106942822936
1,150,GATE,Software,0.5990106942822936
1,105,DSRM02_Systematic_study,Research,0.5998499290455538
1,198,Microsoft_SQL_Server,Databases,0.6003273709856263
1,11,Educational_specialist,Education,0.6003705774928669
1,115,DSRM03,Edison,0.6005360622400949
1,216,VirtualProductDevelopment,ProductDevelopment,0.6011832244458322
1,99,IsOperationsResearchReallyResearch,Research,0.6025038091106734
1,96,ScholarlyMethod,Research,0.6066837582258553
1,97,UndergraduateResearch,Research,0.6070214069033117
1,70,SPSS,statistical_software,0.6070402842095839
1,145,SPSS,Software,0.6070402842095839
1,241,Software_architecture,Computer_Programming,0.6103092000968935
1,14,Professional_Science_Master's_Degree,Education,0.6120895226079818
1,111,SS,Research,0.6129071248772759
1,4,Chemistry_Quality_Eurolabels,Education,0.6171852935828959
1,141,DSENG05,Edison,0.6173821225245495
1,213,Time_toMarket,ProductDevelopment,0.6195208524119454
1,219,MarketPenetration,ProductDevelopment,0.6232036741072411
1,164,Video_commerce,Advertising,0.6240728619825554
1,83,Types_of_e-commerce,e-commerce,0.6242577042474359
1,132,DSENG02,Edison,0.6251819647544107
1,109,Primary_Research,Research,0.6253430361918089
1,226,pbdR,Computer_Programming,0.6310135673201859
1,51,Employment_websites,Recuting,0.6315840726134401
1,33,Financial_market_efficiency,capital_market,0.6317632414832715
1,201,Oracle_Database,Databases,0.633474316118092
1,234,Objective-J,Computer_Programming,0.6336125981623778
1,79,Software,statistical_software,0.6340593723007037
1,154,Software,Software,0.6340593723007037
1,16,BiomedicalEngineers2,Biomedical,0.6354049495464282
1,199,IBM_DB2,Databases,0.6362260235339975
1,190,RDBMS,Databases,0.6389692354071566
1,30,Financial_instrument,capital_market,0.6391217337418498
1,101,RM5,Research,0.6408245711937822
1,197,Data_mart,Databases,0.6408846121659495
1,93,Service-oriented modeling,Business,0.6424365691182734
1,103,DSRM01_Scientific_method,Research,0.6434192883375129
1,60,Cloudera,Distributed,0.6461147687009063
1,3,Master_of_Applied_Science,Education,0.646813566272114
1,53,Employment_agencies,Recuting,0.6493937487770088
1,100,Secondary_research,Research,0.6510365243842942
1,76,KNIME,statistical_software,0.6527340690182912
1,151,KNIME,Software,0.6527340690182912
1,48,Executive_search_firms,Recuting,0.6529729270557141
1,211,db,Databases,0.6530397026164901
1,27,FinanceCapitalism,capital_market,0.6599713937037789
1,22,List_of_statistical_packages,Math_Stats_tools,0.6600406287707273
1,69,List_of_statistical_packages,statistical_software,0.6600406287707273
1,206,database,Databases,0.6607340276529026
1,43,List_of_statistical_packages,Statistics,0.6609564489859308
1,108,RM1,Research,0.6615374307915598
1,19,_BiomedicalEngineers,Biomedical,0.6642231764937732
1,156,Co-marketing,Advertising,0.6658295051710632
1,187,DB2,Databases,0.667438879996145
1,45,Correlation,Statistics,0.6676140043748475
1,185,Apache_HBase,Databases,0.6686882516062764
1,244,Transact-SQL,Computer_Programming,0.6697535479029064
1,217,Product_life-CycleManagement,ProductDevelopment,0.6814500760851087
1,47,Summary_Table_for_Statistical_Techniques,Statistics,0.681834570086174
1,209,Elasticsearch,Databases,0.6824333321301351
1,192,DB5,Databases,0.6846485794511235
1,182,Classification,Machine_Learning,0.6891643490360007
1,86,Digital_economy,e-commerce,0.6904485792321132
1,82,Online_marketplace,e-commerce,0.6954928864467967
1,85,Non-store_retailing,e-commerce,0.6984289771717509
1,67,JMP,statistical_software,0.6994343349123423
1,143,JMP,Software,0.6994343349123423
1,50,Personality-job_fit_theory,Recuting,0.7049458848808146
1,9,European_Joint_Master_degree_in_Economics,Education,0.706111384286505
1,84,E-commerce_credit_card_payment_system,e-commerce,0.7070874673554659
1,110,FrascatiDefinitionofResearch,Research,0.7205860205454375
1,223,C--,Computer_Programming,0.7297241170108222
1,161,Meta-advertising,Advertising,0.7367238683540309
1,160,Interactive_advertising,Advertising,0.7389330154606961
1,220,Pro-innovation_bias,ProductDevelopment,0.7414791419506719
1,35,Investment_theory,capital_market,0.8027756219339472
1,202,Databases,Databases,0.8146851446193637
1,21,Lists_of_mathematics_topics,Math_Stats_tools,0.8373503945248697
1,215,productDevelopment,ProductDevelopment,0.8601840268251859
2,119,DSDA02,Edison,0.32497464523157593
2,89,Business,Business,0.32951293847112506
2,122,DSDA03,Edison,0.3373707255820133
2,128,DSDA05,Edison,0.3389100865207322
2,157,MarketingMix,Advertising,0.34200622668002567
2,112,DSRM06,Edison,0.3489822346830721
2,166,Statistics,Machine_Learning,0.3518026252311687
2,20,Statistics,Math_Stats_tools,0.3520474277216382
2,41,Statistics,Statistics,0.3520474277216382
2,129,DSDK03,Edison,0.3614032701512446
2,133,DSDK02,Edison,0.3615547478040396
2,177,Predictive Analytics,Machine_Learning,0.36799123821215496
2,183,Predictive_Analytics,Machine_Learning,0.36799123821215496
2,137,DSENG04,Edison,0.36946166518357093
2,139,DSDA01,Edison,0.3704201902451544
2,134,DSDA04,Edison,0.37255467640412976
2,26,Financial_economics,capital_market,0.3759587324453484
2,136,DSDM01,Edison,0.3763785541732876
2,90,Business Intelligence,Business,0.3922118326740943
2,23,Mathematics,Math_Stats_tools,0.3966768231188662
2,42,6_BASIC_STATISTICAL_TOOLS,Statistics,0.39931154754149756
2,208,Database,Databases,0.4028870832123821
2,212,Data_warehouse,Databases,0.40383666003344987
2,102,RM3,Research,0.40575418669052066
2,138,DSRM01,Edison,0.40580192158168604
2,46,DataAnalytics,Statistics,0.40609820049685486
2,196,DB4,Databases,0.4067538771601914
2,55,Onboarding,Recuting,0.4085997690735508
2,123,DSDK01,Edison,0.40950117963819
2,214,New_product_development,ProductDevelopment,0.4125095809927286
2,29,Mathematical_finance,capital_market,0.414253984490107
2,88,Business Management,Business,0.4148223020691456
2,130,DSENG06,Edison,0.41658314269130015
2,127,DSENG03,Edison,0.41805429087389756
2,210,PostgreSQL,Databases,0.4181309759218509
2,116,DSDM04,Edison,0.41826319028632564
2,231,Ruby,Computer_Programming,0.4196092104036424
2,135,DSDK06,Edison,0.4224009138827737
2,87,Business communication,Business,0.42283311859771766
2,24,Math_Stats_tools,Math_Stats_tools,0.4233786699552434
2,158,Advertising,Advertising,0.4271288147146657
2,121,DSDM02,Edison,0.4273075283229303
2,200,CouchDB,Databases,0.43128785447692164
2,124,DSDK04,Edison,0.4317434727997157
2,162,Television_advertisement,Advertising,0.43367508571673996
2,92,Project management,Business,0.43471300094997345
2,81,E-commerce,e-commerce,0.4347434844605893
2,205,DSENG04_Relational_non-relational_databases,Databases,0.4376863044643846
2,172,Information_Retrieval,Machine_Learning,0.4378619719373882
2,176,Information Retrieval,Machine_Learning,0.4378619719373882
2,186,MongoDB,Databases,0.4385378540031025
2,104,RM4,Research,0.4399822447064876
2,91,Job interview,Business,0.44094748264650974
2,2,Bachelor_degree,Education,0.44136295196308384
2,195,MonetDB,Databases,0.4425957769817792
2,237,Scala,Computer_Programming,0.44535729063114293
2,169,Data_mining,Machine_Learning,0.4472350069425387
2,180,Data mining,Machine_Learning,0.4472350069425387
2,52,Human_resource_management,Recuting,0.4482570147586753
2,159,Mobile_marketing,Advertising,0.4483291603564431
2,240,Python,Computer_Programming,0.4490195164891768
2,126,DSENG01,Edison,0.44958612042009805
2,233,Java,Computer_Programming,0.4519926505617282
2,18,BiomedicalEngineering,Biomedical,0.4533034252777637
2,225,Computer_Programming,Computer_Programming,0.4537929680661319
2,6,Doctor_of_Philosophy,Education,0.4543751472439218
2,170,Clustering,Machine_Learning,0.45866817041670316
2,221,Product,ProductDevelopment,0.4600629247099347
2,31,Corporate_finance,capital_market,0.46094461996424607
2,1,Master's_degree_in_Europe,Education,0.46115876655938404
2,140,DSDA06,Edison,0.4611603468518788
2,37,Finance,capital_market,0.461239577847424
2,44,Important_Methods_For_Statistical_Data_Analysis,Statistics,0.461610686199334
2,38,Stock_Trader,capital_market,0.4622110650216169
2,163,Viral_marketing,Advertising,0.46345954655308197
2,204,NoSQL,Databases,0.4638682912949096
2,191,DB1,Databases,0.4641354642751022
2,114,DSDM06,Edison,0.4651707073406036
2,68,Git,statistical_software,0.4673505194157429
2,144,Git,Software,0.4673505194157429
2,73,Octave,statistical_software,0.4675896042493384
2,148,Octave,Software,0.4675896042493384
2,171,Machine learning,Machine_Learning,0.46864898680818445
2,174,Machine_learning,Machine_Learning,0.46864898680818445
2,113,DSRM02,Edison,0.4696624658107821
2,232,C++,Computer_Programming,0.4696888591013866
2,10,Engineer_degree,Education,0.4705269266978782
2,117,DSDM03,Edison,0.4717235535139591
2,40,StatisticalTechniques,Statistics,0.47267578357546336
2,94,Business Model,Business,0.4748614675677554
2,118,DSDM05,Edison,0.4749748119513906
2,218,CAD,ProductDevelopment,0.47599610679236803
2,189,MySQL,Databases,0.47619299994872144
2,188,ODBMS,Databases,0.4762333755531696
2,8,Master_degree,Education,0.47836690951878325
2,56,Human_resource_consulting,Recuting,0.4785318020893985
2,175,Text mining,Machine_Learning,0.48017793446011314
2,178,Text_mining,Machine_Learning,0.48017793446011314
2,230,Objective-C,Computer_Programming,0.48036172003008426
2,247,Computer_network,Computer_Programming,0.4817564563897355
2,229,C_Sharp,Computer_Programming,0.4822160189312774
2,224,C,Computer_Programming,0.4827795313268429
2,59,Cloud_Computing,Distributed,0.48346493735450624
2,65,Cloud Computing,Distributed,0.48346493735450624
2,131,DSRM04,Edison,0.48368104229881637
2,95,Corporate communication,Business,0.484137926089815
2,66,SAS,statistical_software,0.48606526085596424
2,142,SAS,Software,0.48606526085596424
2,227,SAS,Computer_Programming,0.48606526085596424
2,13,Master_of_Engineering,Education,0.48680976545809207
2,235,PHP,Computer_Programming,0.4872411473214068
2,57,Distributed Computing,Distributed,0.4875317402631252
2,63,Distributed_Computing,Distributed,0.4875317402631252
2,32,Financial_market,capital_market,0.4886133342488279
2,125,DSDK05,Edison,0.4893816658939646
2,246,R,Computer_Programming,0.4910815342740018
2,194,Database2,Databases,0.4932204773078791
2,242,JavaScript,Computer_Programming,0.49398498272480895
2,17,Biomedicine,Biomedical,0.49545173333875425
2,222,RequirementsManagement,ProductDevelopment,0.4960181601276048
2,7,Master_of_Science,Education,0.4983353272516434
2,238,PL-SQL,Computer_Programming,0.49853109536855855
2,70,SPSS,statistical_software,0.500909062567453
2,145,SPSS,Software,0.500909062567453
2,197,Data_mart,Databases,0.5010295598495389
2,228,Programmer,Computer_Programming,0.5019640496369233
2,239,Julia,Computer_Programming,0.5023775429874318
2,105,DSRM02_Systematic_study,Research,0.5045957923196143
2,78,Mathematica,statistical_software,0.5046930002618866
2,153,Mathematica,Software,0.5046930002618866
2,12,Graduate_school,Education,0.5075376853373599
2,167,Supervised_Learning,Machine_Learning,0.5087362849641567
2,168,Supervised Learning,Machine_Learning,0.5087362849641567
2,120,DSRM05,Edison,0.5097828444843899
2,71,Weka,statistical_software,0.5105088057788181
2,146,Weka,Software,0.5105088057788181
2,115,DSRM03,Edison,0.5145737393802297
2,107,RMO,Research,0.5176529022824734
2,193,DB6,Databases,0.5185229601957583
2,219,MarketPenetration,ProductDevelopment,0.5191600372032235
2,99,IsOperationsResearchReallyResearch,Research,0.5194072815447301
2,28,CapitalMarket,capital_market,0.5196802551014319
2,25,Financial_services,capital_market,0.5243148178156973
2,207,DB3,Databases,0.5256297448781185
2,74,MATLAB,statistical_software,0.5258250981819987
2,149,MATLAB,Software,0.5258250981819987
2,61,Grid_computing,Distributed,0.5324091205338983
2,62,Grid computing,Distributed,0.5324091205338983
2,15,Master_of_Laws,Education,0.534012634151882
2,39,A_Guide_to_Statistical_Techniques,Statistics,0.5353234153436346
2,132,DSENG02,Edison,0.5408077856281182
2,11,Educational_specialist,Education,0.5408225675638463
2,36,Stock_Exchange,capital_market,0.5415102275270385
2,201,Oracle_Database,Databases,0.541607912697271
2,72,Oracle Data Mining,statistical_software,0.542616145955463
2,80,Oracle_Data_Mining,statistical_software,0.542616145955463
2,147,Oracle Data Mining,Software,0.542616145955463
2,155,Oracle_Data_Mining,Software,0.542616145955463
2,75,GATE,statistical_software,0.544127094420422
2,150,GATE,Software,0.544127094420422
2,54,Employment_agency,Recuting,0.5450442413939853
2,213,Time_toMarket,ProductDevelopment,0.5469287569322354
2,101,RM5,Research,0.5482871039391842
2,216,VirtualProductDevelopment,ProductDevelopment,0.5486518655946924
2,76,KNIME,statistical_software,0.5488819959708215
2,151,KNIME,Software,0.5488819959708215
2,141,DSENG05,Edison,0.5490994340161828
2,0,First_professional_degree,Education,0.5495617981011096
2,98,RM2,Research,0.5499282479003711
2,106,DSRM06_Contribute_research_objectives,Research,0.5504205605705572
2,93,Service-oriented modeling,Business,0.5510321029392549
2,181,Statistical method,Machine_Learning,0.5537005304550302
2,184,Statistical_method,Machine_Learning,0.5537005304550302
2,64,Hadoop,Distributed,0.5554189353806087
2,77,Waffles,statistical_software,0.5557866185357081
2,152,Waffles,Software,0.5557866185357081
2,226,pbdR,Computer_Programming,0.556107869928995
2,173,Categorization,Machine_Learning,0.5592910648062892
2,165,Unsupervised_learning,Machine_Learning,0.5633559001142825
2,179,Unsupervised learning,Machine_Learning,0.5633559001142825
2,34,FinancialRegulation,capital_market,0.5665462543840971
2,198,Microsoft_SQL_Server,Databases,0.568173667196332
2,47,Summary_Table_for_Statistical_Techniques,Statistics,0.5725422805513749
2,243,Software_engineer,Computer_Programming,0.5756783470781807
2,5,Terminal_degree,Education,0.5769108570859474
2,245,Software_developer,Computer_Programming,0.5770601484737539
2,211,db,Databases,0.5771936304100267
2,85,Non-store_retailing,e-commerce,0.5804573321796989
2,16,BiomedicalEngineers2,Biomedical,0.5816298364706566
2,58,Hortonworks,Distributed,0.5833743993170829
2,206,database,Databases,0.5846329882800994
2,96,ScholarlyMethod,Research,0.5851491155463844
2,45,Correlation,Statistics,0.5853339149232799
2,190,RDBMS,Databases,0.5866684001842217
2,217,Product_life-CycleManagement,ProductDevelopment,0.5879154336148809
2,79,Software,statistical_software,0.5916464447832319
2,154,Software,Software,0.5916464447832319
2,49,Executive_search,Recuting,0.5917071872461732
2,111,SS,Research,0.5958452988689258
2,156,Co-marketing,Advertising,0.598181123079079
2,60,Cloudera,Distributed,0.5994077393517063
2,19,_BiomedicalEngineers,Biomedical,0.6035907835873122
2,83,Types_of_e-commerce,e-commerce,0.6039387897987565
2,86,Digital_economy,e-commerce,0.6071437810454214
2,236,System_programming,Computer_Programming,0.6088151222000246
2,209,Elasticsearch,Databases,0.6094280385183026
2,241,Software_architecture,Computer_Programming,0.6106240957779503
2,192,DB5,Databases,0.6126502848638687
2,203,SPARQL,Databases,0.6163265015287585
2,244,Transact-SQL,Computer_Programming,0.6165065300552315
2,160,Interactive_advertising,Advertising,0.6184626095804304
2,33,Financial_market_efficiency,capital_market,0.623890161775964
2,43,List_of_statistical_packages,Statistics,0.6255538908722797
2,22,List_of_statistical_packages,Math_Stats_tools,0.6260149246350883
2,69,List_of_statistical_packages,statistical_software,0.6260149246350883
2,51,Employment_websites,Recuting,0.6296768221706612
2,14,Professional_Science_Master's_Degree,Education,0.6326219881240595
2,30,Financial_instrument,capital_market,0.6332631701703216
2,234,Objective-J,Computer_Programming,0.6333019626372612
2,4,Chemistry_Quality_Eurolabels,Education,0.634683429973464
2,185,Apache_HBase,Databases,0.6347103616779539
2,223,C--,Computer_Programming,0.6348628143470094
2,164,Video_commerce,Advertising,0.6358695593706822
2,199,IBM_DB2,Databases,0.6365116202984609
2,103,DSRM01_Scientific_method,Research,0.644142496636489
2,9,European_Joint_Master_degree_in_Economics,Education,0.6500703217560613
2,82,Online_marketplace,e-commerce,0.6535913668500744
2,110,FrascatiDefinitionofResearch,Research,0.6551362765353831
2,27,FinanceCapitalism,capital_market,0.6658104883734374
2,220,Pro-innovation_bias,ProductDevelopment,0.6660137181874282
2,50,Personality-job_fit_theory,Recuting,0.6713103537110064
2,84,E-commerce_credit_card_payment_system,e-commerce,0.6724888480351863
2,108,RM1,Research,0.6748725398077215
2,182,Classification,Machine_Learning,0.6753319988629831
2,67,JMP,statistical_software,0.6763990167326703
2,143,JMP,Software,0.6763990167326703
2,161,Meta-advertising,Advertising,0.6910817331160628
2,97,UndergraduateResearch,Research,0.6977532545650149
2,53,Employment_agencies,Recuting,0.705172353214461
2,3,Master_of_Applied_Science,Education,0.7120484822489161
2,35,Investment_theory,capital_market,0.7137397795010616
2,187,DB2,Databases,0.7176948252483604
2,202,Databases,Databases,0.7306308166497615
2,48,Executive_search_firms,Recuting,0.7333952686226293
2,100,Secondary_research,Research,0.7497653439258523
2,109,Primary_Research,Research,0.7593246159678515
2,21,Lists_of_mathematics_topics,Math_Stats_tools,0.7636458356344242
2,215,productDevelopment,ProductDevelopment,0.7765722540141896
3,89,Business,Business,0.318259997983773
3,129,DSDK03,Edison,0.34655753513309107
3,128,DSDA05,Edison,0.34865040526578983
3,112,DSRM06,Edison,0.34926365017136396
3,138,DSRM01,Edison,0.3498036003804579
3,119,DSDA02,Edison,0.3517364077927134
3,177,Predictive Analytics,Machine_Learning,0.35321840894642287
3,183,Predictive_Analytics,Machine_Learning,0.35321840894642287
3,139,DSDA01,Edison,0.3587010228509091
3,102,RM3,Research,0.3654257649515439
3,26,Financial_economics,capital_market,0.3690944842190472
3,122,DSDA03,Edison,0.37221611940940613
3,127,DSENG03,Edison,0.3804292166675698
3,134,DSDA04,Edison,0.38254020836120417
3,91,Job interview,Business,0.3827739651819265
3,46,DataAnalytics,Statistics,0.3844891724607187
3,81,E-commerce,e-commerce,0.3853189455244621
3,210,PostgreSQL,Databases,0.3906257069457698
3,166,Statistics,Machine_Learning,0.39502021409571164
3,20,Statistics,Math_Stats_tools,0.3953269318278937
3,41,Statistics,Statistics,0.3953269318278937
3,137,DSENG04,Edison,0.3965262595753989
3,231,Ruby,Computer_Programming,0.39773363066224177
3,238,PL-SQL,Computer_Programming,0.39888743480127054
3,133,DSDK02,Edison,0.4006016002616144
3,68,Git,statistical_software,0.4026999169027553
3,144,Git,Software,0.4026999169027553
3,172,Information_Retrieval,Machine_Learning,0.40688221793496904
3,176,Information Retrieval,Machine_Learning,0.40688221793496904
3,123,DSDK01,Edison,0.40973826426402316
3,136,DSDM01,Edison,0.41340028121336236
3,6,Doctor_of_Philosophy,Education,0.4136461583600415
3,130,DSENG06,Edison,0.41573038846818255
3,124,DSDK04,Edison,0.4163551526926541
3,121,DSDM02,Edison,0.41852329978999503
3,104,RM4,Research,0.4191558652024683
3,18,BiomedicalEngineering,Biomedical,0.4193167877223519
3,42,6_BASIC_STATISTICAL_TOOLS,Statistics,0.42148880667437993
3,2,Bachelor_degree,Education,0.42153997059301873
3,90,Business Intelligence,Business,0.42183688417959
3,237,Scala,Computer_Programming,0.42204336537241494
3,225,Computer_Programming,Computer_Programming,0.4246913355626132
3,73,Octave,statistical_software,0.424760911791877
3,148,Octave,Software,0.424760911791877
3,228,Programmer,Computer_Programming,0.42782694065619176
3,126,DSENG01,Edison,0.4300852821739116
3,116,DSDM04,Edison,0.43038816161187277
3,31,Corporate_finance,capital_market,0.43153976245412884
3,55,Onboarding,Recuting,0.43204847042811156
3,196,DB4,Databases,0.434141157909287
3,71,Weka,statistical_software,0.4346344292819466
3,146,Weka,Software,0.4346344292819466
3,12,Graduate_school,Education,0.43519342613783996
3,195,MonetDB,Databases,0.4352175805503594
3,92,Project management,Business,0.436039739457612
3,120,DSRM05,Edison,0.4363418257719789
3,214,New_product_development,ProductDevelopment,0.43800201179066434
3,87,Business communication,Business,0.43813981562977955
3,230,Objective-C,Computer_Programming,0.43829719411222656
3,212,Data_warehouse,Databases,0.4397437019701238
3,167,Supervised_Learning,Machine_Learning,0.44106907029376674
3,168,Supervised Learning,Machine_Learning,0.44106907029376674
3,240,Python,Computer_Programming,0.4428972491149107
3,157,MarketingMix,Advertising,0.4432438158683232
3,232,C++,Computer_Programming,0.44367694255092516
3,171,Machine learning,Machine_Learning,0.44469472839324786
3,174,Machine_learning,Machine_Learning,0.44469472839324786
3,93,Service-oriented modeling,Business,0.44545289584889247
3,229,C_Sharp,Computer_Programming,0.4486908702535608
3,233,Java,Computer_Programming,0.4492725563411051
3,59,Cloud_Computing,Distributed,0.4495773042388902
3,65,Cloud Computing,Distributed,0.4495773042388902
3,135,DSDK06,Edison,0.4514493027807184
3,24,Math_Stats_tools,Math_Stats_tools,0.4515656583200133
3,208,Database,Databases,0.4517799564612175
3,224,C,Computer_Programming,0.45257154539428446
3,246,R,Computer_Programming,0.45479383775794724
3,94,Business Model,Business,0.45490676750356873
3,88,Business Management,Business,0.45642727051807563
3,29,Mathematical_finance,capital_market,0.45661231719034456
3,200,CouchDB,Databases,0.45774830068753647
3,52,Human_resource_management,Recuting,0.4580679088302957
3,221,Product,ProductDevelopment,0.45855595407588323
3,23,Mathematics,Math_Stats_tools,0.4612824884631507
3,131,DSRM04,Edison,0.46145748479953363
3,173,Categorization,Machine_Learning,0.46171792674473944
3,186,MongoDB,Databases,0.4620467305674394
3,242,JavaScript,Computer_Programming,0.4637608230550475
3,56,Human_resource_consulting,Recuting,0.46380195943865454
3,106,DSRM06_Contribute_research_objectives,Research,0.4638285519883073
3,98,RM2,Research,0.46553697666807936
3,114,DSDM06,Edison,0.46825476237199615
3,1,Master's_degree_in_Europe,Education,0.4682563246988355
3,170,Clustering,Machine_Learning,0.4686976208971413
3,158,Advertising,Advertising,0.4713114982373966
3,189,MySQL,Databases,0.47139113422378576
3,205,DSENG04_Relational_non-relational_databases,Databases,0.47161133676115674
3,169,Data_mining,Machine_Learning,0.47207993728127084
3,180,Data mining,Machine_Learning,0.47207993728127084
3,162,Television_advertisement,Advertising,0.4727015952716197
3,163,Viral_marketing,Advertising,0.4732073772955846
3,239,Julia,Computer_Programming,0.4732916200381404
3,159,Mobile_marketing,Advertising,0.4736867020066331
3,188,ODBMS,Databases,0.4762082108465603
3,115,DSRM03,Edison,0.47658783088534495
3,117,DSDM03,Edison,0.4771209480875115
3,218,CAD,ProductDevelopment,0.4788376746633217
3,107,RMO,Research,0.4799966717298425
3,10,Engineer_degree,Education,0.4802094357701363
3,75,GATE,statistical_software,0.4819940326235279
3,150,GATE,Software,0.4819940326235279
3,54,Employment_agency,Recuting,0.4849597291948091
3,245,Software_developer,Computer_Programming,0.4851431849872202
3,25,Financial_services,capital_market,0.48794161473767794
3,140,DSDA06,Edison,0.49036075774803034
3,64,Hadoop,Distributed,0.4913310197743854
3,76,KNIME,statistical_software,0.4914171298818589
3,151,KNIME,Software,0.4914171298818589
3,118,DSDM05,Edison,0.49408559431294297
3,165,Unsupervised_learning,Machine_Learning,0.49421127107295915
3,179,Unsupervised learning,Machine_Learning,0.49421127107295915
3,15,Master_of_Laws,Education,0.49479944942605714
3,28,CapitalMarket,capital_market,0.4950399251855271
3,235,PHP,Computer_Programming,0.4968747937194996
3,7,Master_of_Science,Education,0.4971814552824394
3,37,Finance,capital_market,0.4987379525256578
3,32,Financial_market,capital_market,0.49901689519770187
3,17,Biomedicine,Biomedical,0.5000822254099324
3,0,First_professional_degree,Education,0.5026302169530394
3,40,StatisticalTechniques,Statistics,0.5035083458329508
3,99,IsOperationsResearchReallyResearch,Research,0.505866867481197
3,39,A_Guide_to_Statistical_Techniques,Statistics,0.5065349250185152
3,38,Stock_Trader,capital_market,0.5072382109835816
3,13,Master_of_Engineering,Education,0.5104032169654944
3,95,Corporate communication,Business,0.5125329379711847
3,8,Master_degree,Education,0.5145740663018468
3,113,DSRM02,Edison,0.5150353695864903
3,61,Grid_computing,Distributed,0.5157753892430141
3,62,Grid computing,Distributed,0.5157753892430141
3,4,Chemistry_Quality_Eurolabels,Education,0.5159116878388568
3,27,FinanceCapitalism,capital_market,0.5160787192093776
3,204,NoSQL,Databases,0.5180142822736242
3,191,DB1,Databases,0.5185815979361414
3,78,Mathematica,statistical_software,0.5187153566018952
3,153,Mathematica,Software,0.5187153566018952
3,57,Distributed Computing,Distributed,0.522139284111031
3,63,Distributed_Computing,Distributed,0.522139284111031
3,125,DSDK05,Edison,0.5235679108750282
3,74,MATLAB,statistical_software,0.5247827208681854
3,149,MATLAB,Software,0.5247827208681854
3,45,Correlation,Statistics,0.5280588571611525
3,70,SPSS,statistical_software,0.5290214921525878
3,145,SPSS,Software,0.5290214921525878
3,193,DB6,Databases,0.5293260389655132
3,190,RDBMS,Databases,0.5298671672550729
3,194,Database2,Databases,0.5304338052860962
3,197,Data_mart,Databases,0.5307546543056536
3,175,Text mining,Machine_Learning,0.531253199232542
3,178,Text_mining,Machine_Learning,0.531253199232542
3,101,RM5,Research,0.5320208769536637
3,5,Terminal_degree,Education,0.5322066393167095
3,243,Software_engineer,Computer_Programming,0.5370676949363751
3,247,Computer_network,Computer_Programming,0.5374471175471522
3,222,RequirementsManagement,ProductDevelopment,0.5384648229515443
3,44,Important_Methods_For_Statistical_Data_Analysis,Statistics,0.538660546698341
3,58,Hortonworks,Distributed,0.53955720386915
3,219,MarketPenetration,ProductDevelopment,0.5408902574194664
3,105,DSRM02_Systematic_study,Research,0.5419937406320379
3,66,SAS,statistical_software,0.5428334310395428
3,142,SAS,Software,0.5428334310395428
3,227,SAS,Computer_Programming,0.5428334310395428
3,36,Stock_Exchange,capital_market,0.5450514512865272
3,207,DB3,Databases,0.5454790236656047
3,203,SPARQL,Databases,0.5474828216145817
3,11,Educational_specialist,Education,0.5507731467380941
3,60,Cloudera,Distributed,0.5570008048561501
3,198,Microsoft_SQL_Server,Databases,0.5572639077758902
3,79,Software,statistical_software,0.55943748765126
3,154,Software,Software,0.55943748765126
3,199,IBM_DB2,Databases,0.559716820848899
3,216,VirtualProductDevelopment,ProductDevelopment,0.5606202144598365
3,34,FinancialRegulation,capital_market,0.5642910931814756
3,96,ScholarlyMethod,Research,0.5648087664196351
3,51,Employment_websites,Recuting,0.5664584552728793
3,201,Oracle_Database,Databases,0.566547887588726
3,50,Personality-job_fit_theory,Recuting,0.5704905649172652
3,110,FrascatiDefinitionofResearch,Research,0.57571401784461
3,213,Time_toMarket,ProductDevelopment,0.5759321600677589
3,211,db,Databases,0.5768668460955761
3,181,Statistical method,Machine_Learning,0.5771199967604059
3,184,Statistical_method,Machine_Learning,0.5771199967604059
3,103,DSRM01_Scientific_method,Research,0.5782829740274407
3,236,System_programming,Computer_Programming,0.5790319157273373
3,244,Transact-SQL,Computer_Programming,0.5794285207487078
3,241,Software_architecture,Computer_Programming,0.5802975849735793
3,83,Types_of_e-commerce,e-commerce,0.5816091294073884
3,209,Elasticsearch,Databases,0.5816160303355573
3,72,Oracle Data Mining,statistical_software,0.5821233766434539
3,80,Oracle_Data_Mining,statistical_software,0.5821233766434539
3,147,Oracle Data Mining,Software,0.5821233766434539
3,155,Oracle_Data_Mining,Software,0.5821233766434539
3,47,Summary_Table_for_Statistical_Techniques,Statistics,0.5829623163037501
3,77,Waffles,statistical_software,0.5858990529853196
3,152,Waffles,Software,0.5858990529853196
3,234,Objective-J,Computer_Programming,0.5877525086785129
3,33,Financial_market_efficiency,capital_market,0.5891859905074127
3,3,Master_of_Applied_Science,Education,0.5917996021443805
3,141,DSENG05,Edison,0.5959039695853647
3,86,Digital_economy,e-commerce,0.5980660898615968
3,85,Non-store_retailing,e-commerce,0.5981144628253638
3,132,DSENG02,Edison,0.5992943757106282
3,187,DB2,Databases,0.5997593198211899
3,226,pbdR,Computer_Programming,0.6006411978381785
3,16,BiomedicalEngineers2,Biomedical,0.6041534027694226
3,223,C--,Computer_Programming,0.6050589314741937
3,217,Product_life-CycleManagement,ProductDevelopment,0.6100511837833174
3,14,Professional_Science_Master's_Degree,Education,0.6104995883954903
3,49,Executive_search,Recuting,0.613628782928201
3,192,DB5,Databases,0.6137199620780371
3,156,Co-marketing,Advertising,0.6142410247951816
3,185,Apache_HBase,Databases,0.6170131977496955
3,82,Online_marketplace,e-commerce,0.6175765708008301
3,108,RM1,Research,0.6197212167362773
3,30,Financial_instrument,capital_market,0.6270260562604779
3,84,E-commerce_credit_card_payment_system,e-commerce,0.6339265620715082
3,97,UndergraduateResearch,Research,0.634188084008327
3,19,_BiomedicalEngineers,Biomedical,0.6343332408573905
3,111,SS,Research,0.6353937916891017
3,182,Classification,Machine_Learning,0.6374330956187337
3,164,Video_commerce,Advertising,0.6521515939130761
3,9,European_Joint_Master_degree_in_Economics,Education,0.657452668260634
3,220,Pro-innovation_bias,ProductDevelopment,0.6613197203879495
3,67,JMP,statistical_software,0.6703921170546282
3,143,JMP,Software,0.6703921170546282
3,48,Executive_search_firms,Recuting,0.6708455409399205
3,160,Interactive_advertising,Advertising,0.6727079388975363
3,206,database,Databases,0.6832465228960568
3,53,Employment_agencies,Recuting,0.6838126203069195
3,109,Primary_Research,Research,0.6850984800657965
3,22,List_of_statistical_packages,Math_Stats_tools,0.6917791873499117
3,69,List_of_statistical_packages,statistical_software,0.6917791873499117
3,43,List_of_statistical_packages,Statistics,0.6921018556964553
3,100,Secondary_research,Research,0.7053081869862076
3,202,Databases,Databases,0.709627986868696
3,161,Meta-advertising,Advertising,0.7261539361492098
3,35,Investment_theory,capital_market,0.7350897876254321
3,21,Lists_of_mathematics_topics,Math_Stats_tools,0.7928906280353614
3,215,productDevelopment,ProductDevelopment,0.8178900153711668
4,242,JavaScript,Computer_Programming,0.34236470193024704
4,137,DSENG04,Edison,0.38778259897218803
4,89,Business,Business,0.38783101567698375
4,92,Project management,Business,0.3988113916895184
4,129,DSDK03,Edison,0.4117372545525838
4,200,CouchDB,Databases,0.416803182666998
4,134,DSDA04,Edison,0.419821494688321
4,128,DSDA05,Edison,0.42876344763882857
4,2,Bachelor_degree,Education,0.4289948119223608
4,136,DSDM01,Edison,0.4291913568196205
4,119,DSDA02,Edison,0.4340673865120037
4,159,Mobile_marketing,Advertising,0.437765396933548
4,193,DB6,Databases,0.44010873217669666
4,102,RM3,Research,0.44708960802615116
4,112,DSRM06,Edison,0.4489596163538574
4,87,Business communication,Business,0.45071279506029027
4,130,DSENG06,Edison,0.45127681982501766
4,26,Financial_economics,capital_market,0.4520730239591716
4,138,DSRM01,Edison,0.4539623417261248
4,10,Engineer_degree,Education,0.4549809105195006
4,121,DSDM02,Edison,0.4559179535533676
4,81,E-commerce,e-commerce,0.4584357444461047
4,126,DSENG01,Edison,0.46003250906497606
4,212,Data_warehouse,Databases,0.46034675632390665
4,117,DSDM03,Edison,0.46248157392133227
4,210,PostgreSQL,Databases,0.4627910594189576
4,123,DSDK01,Edison,0.4642614151391693
4,122,DSDA03,Edison,0.46564604805705945
4,221,Product,ProductDevelopment,0.46961968836156487
4,40,StatisticalTechniques,Statistics,0.4719479083449619
4,31,Corporate_finance,capital_market,0.4734881720670676
4,158,Advertising,Advertising,0.4739661913177965
4,18,BiomedicalEngineering,Biomedical,0.4748649390512014
4,6,Doctor_of_Philosophy,Education,0.47560310386470883
4,162,Television_advertisement,Advertising,0.4778566026109178
4,46,DataAnalytics,Statistics,0.47931191958298525
4,90,Business Intelligence,Business,0.48239916939713834
4,157,MarketingMix,Advertising,0.484214251670544
4,139,DSDA01,Edison,0.4853400694096859
4,177,Predictive Analytics,Machine_Learning,0.4863276774577049
4,183,Predictive_Analytics,Machine_Learning,0.4863276774577049
4,195,MonetDB,Databases,0.48690356015335556
4,240,Python,Computer_Programming,0.4870731007979112
4,229,C_Sharp,Computer_Programming,0.4876856447085943
4,133,DSDK02,Edison,0.48843214079788255
4,225,Computer_Programming,Computer_Programming,0.4889592119685454
4,13,Master_of_Engineering,Education,0.49078990144832724
4,55,Onboarding,Recuting,0.49126792921466134
4,237,Scala,Computer_Programming,0.49142158407618963
4,24,Math_Stats_tools,Math_Stats_tools,0.49211039270444235
4,116,DSDM04,Edison,0.49408344265880355
4,231,Ruby,Computer_Programming,0.4941707928010821
4,205,DSENG04_Relational_non-relational_databases,Databases,0.49480173373771064
4,214,New_product_development,ProductDevelopment,0.49643057133677326
4,114,DSDM06,Edison,0.49685918454491895
4,42,6_BASIC_STATISTICAL_TOOLS,Statistics,0.49804391368911605
4,15,Master_of_Laws,Education,0.4987954149578564
4,196,DB4,Databases,0.49971179968577484
4,218,CAD,ProductDevelopment,0.5007329227338129
4,131,DSRM04,Edison,0.503687788884913
4,172,Information_Retrieval,Machine_Learning,0.5037416632448231
4,176,Information Retrieval,Machine_Learning,0.5037416632448231
4,91,Job interview,Business,0.5083174400456737
4,247,Computer_network,Computer_Programming,0.5087286738895729
4,68,Git,statistical_software,0.5091307048004974
4,144,Git,Software,0.5091307048004974
4,238,PL-SQL,Computer_Programming,0.5099734717977538
4,230,Objective-C,Computer_Programming,0.5107894914424163
4,38,Stock_Trader,capital_market,0.5119362380930097
4,1,Master's_degree_in_Europe,Education,0.5122818562402018
4,20,Statistics,Math_Stats_tools,0.5126525832921207
4,41,Statistics,Statistics,0.5126525832921207
4,127,DSENG03,Edison,0.5128207078580644
4,207,DB3,Databases,0.512999076217295
4,208,Database,Databases,0.5140175768397717
4,246,R,Computer_Programming,0.5147622521229976
4,166,Statistics,Machine_Learning,0.5151064551674136
4,94,Business Model,Business,0.516417602702812
4,23,Mathematics,Math_Stats_tools,0.5169607197724162
4,235,PHP,Computer_Programming,0.5170673377626944
4,118,DSDM05,Edison,0.5179561211318124
4,25,Financial_services,capital_market,0.5196178079873469
4,104,RM4,Research,0.52340426282624
4,8,Master_degree,Education,0.5246461766131305
4,224,C,Computer_Programming,0.5248970446407217
4,232,C++,Computer_Programming,0.5250326875393376
4,239,Julia,Computer_Programming,0.5272335166680135
4,64,Hadoop,Distributed,0.5272487832469416
4,186,MongoDB,Databases,0.5276659383205
4,95,Corporate communication,Business,0.5278189028621075
4,71,Weka,statistical_software,0.5279496277680851
4,146,Weka,Software,0.5279496277680851
4,7,Master_of_Science,Education,0.529663643267841
4,88,Business Management,Business,0.5317144553710051
4,140,DSDA06,Edison,0.5320854130837911
4,66,SAS,statistical_software,0.5323806078110009
4,142,SAS,Software,0.5323806078110009
4,227,SAS,Computer_Programming,0.5323806078110009
4,233,Java,Computer_Programming,0.532556010254425
4,228,Programmer,Computer_Programming,0.5355347739659978
4,135,DSDK06,Edison,0.5357102343381794
4,28,CapitalMarket,capital_market,0.5358684248143262
4,12,Graduate_school,Education,0.5369131881507359
4,52,Human_resource_management,Recuting,0.5377296670642095
4,171,Machine learning,Machine_Learning,0.53887909407619
4,174,Machine_learning,Machine_Learning,0.53887909407619
4,73,Octave,statistical_software,0.5391789615521421
4,148,Octave,Software,0.5391789615521421
4,124,DSDK04,Edison,0.5406704221246306
4,234,Objective-J,Computer_Programming,0.5407264690486326
4,169,Data_mining,Machine_Learning,0.5427397050327908
4,180,Data mining,Machine_Learning,0.5427397050327908
4,0,First_professional_degree,Education,0.5458161782173285
4,70,SPSS,statistical_software,0.5470057508258206
4,145,SPSS,Software,0.5470057508258206
4,185,Apache_HBase,Databases,0.5475355616658627
4,120,DSRM05,Edison,0.548251302955408
4,39,A_Guide_to_Statistical_Techniques,Statistics,0.5485888723094015
4,194,Database2,Databases,0.5493627781736347
4,75,GATE,statistical_software,0.5497716185207729
4,150,GATE,Software,0.5497716185207729
4,189,MySQL,Databases,0.5497964462659781
4,57,Distributed Computing,Distributed,0.5500148538442995
4,63,Distributed_Computing,Distributed,0.5500148538442995
4,29,Mathematical_finance,capital_market,0.5509188104916853
4,76,KNIME,statistical_software,0.552984745781492
4,151,KNIME,Software,0.552984745781492
4,78,Mathematica,statistical_software,0.5534955691735735
4,153,Mathematica,Software,0.5534955691735735
4,191,DB1,Databases,0.5536946450527902
4,190,RDBMS,Databases,0.5537800366788339
4,204,NoSQL,Databases,0.5540842524007579
4,32,Financial_market,capital_market,0.554936937854641
4,201,Oracle_Database,Databases,0.5589718748900563
4,188,ODBMS,Databases,0.5590677586294719
4,163,Viral_marketing,Advertising,0.5597177329406373
4,74,MATLAB,statistical_software,0.5599117264064484
4,149,MATLAB,Software,0.5599117264064484
4,222,RequirementsManagement,ProductDevelopment,0.560188479313793
4,98,RM2,Research,0.5624071745354603
4,37,Finance,capital_market,0.562919376598831
4,245,Software_developer,Computer_Programming,0.5631232902099065
4,93,Service-oriented modeling,Business,0.5642677985146616
4,36,Stock_Exchange,capital_market,0.5656237967712994
4,226,pbdR,Computer_Programming,0.5660823596921388
4,197,Data_mart,Databases,0.5675651623108869
4,106,DSRM06_Contribute_research_objectives,Research,0.5684090287433308
4,56,Human_resource_consulting,Recuting,0.5692924294560048
4,198,Microsoft_SQL_Server,Databases,0.5695281493784511
4,132,DSENG02,Edison,0.5710125272933593
4,82,Online_marketplace,e-commerce,0.571272753084229
4,16,BiomedicalEngineers2,Biomedical,0.571439783618584
4,113,DSRM02,Edison,0.5738059784169354
4,59,Cloud_Computing,Distributed,0.5813787513521264
4,65,Cloud Computing,Distributed,0.5813787513521264
4,181,Statistical method,Machine_Learning,0.5832653607571417
4,184,Statistical_method,Machine_Learning,0.5832653607571417
4,170,Clustering,Machine_Learning,0.5833410198605367
4,79,Software,statistical_software,0.5848074773428554
4,154,Software,Software,0.5848074773428554
4,167,Supervised_Learning,Machine_Learning,0.5851574874234569
4,168,Supervised Learning,Machine_Learning,0.5851574874234569
4,54,Employment_agency,Recuting,0.5856571356243551
4,107,RMO,Research,0.5866054610231509
4,216,VirtualProductDevelopment,ProductDevelopment,0.5883102801344549
4,77,Waffles,statistical_software,0.5920310571914564
4,152,Waffles,Software,0.5920310571914564
4,141,DSENG05,Edison,0.5927300774008818
4,61,Grid_computing,Distributed,0.5952801454576264
4,62,Grid computing,Distributed,0.5952801454576264
4,115,DSRM03,Edison,0.597435150772234
4,175,Text mining,Machine_Learning,0.5987069274744832
4,178,Text_mining,Machine_Learning,0.5987069274744832
4,99,IsOperationsResearchReallyResearch,Research,0.6006775472365024
4,34,FinancialRegulation,capital_market,0.6012863615723884
4,165,Unsupervised_learning,Machine_Learning,0.6019174381687971
4,179,Unsupervised learning,Machine_Learning,0.6019174381687971
4,192,DB5,Databases,0.6055317342594096
4,51,Employment_websites,Recuting,0.605990699801336
4,45,Correlation,Statistics,0.6065847759096195
4,47,Summary_Table_for_Statistical_Techniques,Statistics,0.6068073610194398
4,19,_BiomedicalEngineers,Biomedical,0.6082821331002287
4,84,E-commerce_credit_card_payment_system,e-commerce,0.6083931978246393
4,11,Educational_specialist,Education,0.6084213844332858
4,33,Financial_market_efficiency,capital_market,0.6084666097865171
4,243,Software_engineer,Computer_Programming,0.6104146774607322
4,213,Time_toMarket,ProductDevelopment,0.6113782865785373
4,58,Hortonworks,Distributed,0.6121488456667615
4,173,Categorization,Machine_Learning,0.612423044702804
4,97,UndergraduateResearch,Research,0.6146805651707508
4,85,Non-store_retailing,e-commerce,0.6147436674174239
4,105,DSRM02_Systematic_study,Research,0.6154073522684258
4,244,Transact-SQL,Computer_Programming,0.6156606101234069
4,5,Terminal_degree,Education,0.6160937564783069
4,219,MarketPenetration,ProductDevelopment,0.6167113104020325
4,223,C--,Computer_Programming,0.620967250078061
4,86,Digital_economy,e-commerce,0.6228757866416026
4,30,Financial_instrument,capital_market,0.624827356610504
4,72,Oracle Data Mining,statistical_software,0.6266483569723558
4,80,Oracle_Data_Mining,statistical_software,0.6266483569723558
4,147,Oracle Data Mining,Software,0.6266483569723558
4,155,Oracle_Data_Mining,Software,0.6266483569723558
4,44,Important_Methods_For_Statistical_Data_Analysis,Statistics,0.6281997430658757
4,9,European_Joint_Master_degree_in_Economics,Education,0.6304563040674152
4,199,IBM_DB2,Databases,0.6332724017339721
4,209,Elasticsearch,Databases,0.6349874839974158
4,17,Biomedicine,Biomedical,0.6354220383811864
4,3,Master_of_Applied_Science,Education,0.6360914486670999
4,101,RM5,Research,0.6361635413485794
4,125,DSDK05,Edison,0.6372032101595622
4,203,SPARQL,Databases,0.6375167116674092
4,14,Professional_Science_Master's_Degree,Education,0.6411537648378682
4,241,Software_architecture,Computer_Programming,0.6434167272450377
4,236,System_programming,Computer_Programming,0.6439690621226923
4,4,Chemistry_Quality_Eurolabels,Education,0.6472426435104311
4,217,Product_life-CycleManagement,ProductDevelopment,0.6528909177759005
4,43,List_of_statistical_packages,Statistics,0.6577128406499013
4,96,ScholarlyMethod,Research,0.6578119120805038
4,22,List_of_statistical_packages,Math_Stats_tools,0.6584289976362352
4,69,List_of_statistical_packages,statistical_software,0.6584289976362352
4,27,FinanceCapitalism,capital_market,0.6594489810593966
4,83,Types_of_e-commerce,e-commerce,0.6596817881655034
4,111,SS,Research,0.6617233596979855
4,187,DB2,Databases,0.6642229138617228
4,211,db,Databases,0.665350261851683
4,164,Video_commerce,Advertising,0.6702556963493402
4,67,JMP,statistical_software,0.6705770475253401
4,143,JMP,Software,0.6705770475253401
4,53,Employment_agencies,Recuting,0.6746015426247416
4,60,Cloudera,Distributed,0.6779334574744322
4,103,DSRM01_Scientific_method,Research,0.679480078310029
4,49,Executive_search,Recuting,0.6806150979481796
4,202,Databases,Databases,0.687299751638655
4,109,Primary_Research,Research,0.6884919161786442
4,160,Interactive_advertising,Advertising,0.7041858529577019
4,50,Personality-job_fit_theory,Recuting,0.7084035304838374
4,156,Co-marketing,Advertising,0.7134294027883793
4,108,RM1,Research,0.7148875264350245
4,110,FrascatiDefinitionofResearch,Research,0.7156729660896702
4,182,Classification,Machine_Learning,0.7205499897079302
4,21,Lists_of_mathematics_topics,Math_Stats_tools,0.7246918780934248
4,206,database,Databases,0.7355079913025855
4,48,Executive_search_firms,Recuting,0.7523628050816213
4,161,Meta-advertising,Advertising,0.7535474496893347
4,100,Secondary_research,Research,0.7733342832894925
4,220,Pro-innovation_bias,ProductDevelopment,0.7741967202885222
4,35,Investment_theory,capital_market,0.8225436640756673
4,215,productDevelopment,ProductDevelopment,0.8369095798445045
5,128,DSDA05,Edison,0.30479775314775204
5,89,Business,Business,0.3290510344488988
5,129,DSDK03,Edison,0.34212362073327995
5,122,DSDA03,Edison,0.3452995231025361
5,134,DSDA04,Edison,0.3497602360019012
5,119,DSDA02,Edison,0.35405033773546135
5,137,DSENG04,Edison,0.3581718638361403
5,210,PostgreSQL,Databases,0.36251194594033664
5,90,Business Intelligence,Business,0.36647651889998056
5,139,DSDA01,Edison,0.36886473610256576
5,177,Predictive Analytics,Machine_Learning,0.37003259492881846
5,183,Predictive_Analytics,Machine_Learning,0.37003259492881846
5,133,DSDK02,Edison,0.37122880479030973
5,112,DSRM06,Edison,0.3776464903093121
5,24,Math_Stats_tools,Math_Stats_tools,0.3805628310208672
5,20,Statistics,Math_Stats_tools,0.3821908711411256
5,41,Statistics,Statistics,0.3821908711411256
5,166,Statistics,Machine_Learning,0.3835582303791323
5,136,DSDM01,Edison,0.3849837779993147
5,158,Advertising,Advertising,0.38701941366144865
5,34,FinancialRegulation,capital_market,0.38874501966094943
5,172,Information_Retrieval,Machine_Learning,0.39247842400102184
5,176,Information Retrieval,Machine_Learning,0.39247842400102184
5,196,DB4,Databases,0.39383384613813477
5,46,DataAnalytics,Statistics,0.3975140460681199
5,81,E-commerce,e-commerce,0.3978370406745201
5,126,DSENG01,Edison,0.39818768447721464
5,138,DSRM01,Edison,0.3982439903653341
5,230,Objective-C,Computer_Programming,0.3998976946893632
5,195,MonetDB,Databases,0.401517897953381
5,18,BiomedicalEngineering,Biomedical,0.4027279257447097
5,208,Database,Databases,0.40423622722248886
5,237,Scala,Computer_Programming,0.4048838000041797
5,102,RM3,Research,0.40824766396423284
5,130,DSENG06,Edison,0.40869662336644264
5,159,Mobile_marketing,Advertising,0.4107404755774563
5,247,Computer_network,Computer_Programming,0.4113629650936921
5,124,DSDK04,Edison,0.41231766738143205
5,163,Viral_marketing,Advertising,0.4123611157878029
5,188,ODBMS,Databases,0.41275191095074815
5,242,JavaScript,Computer_Programming,0.4136069306207365
5,123,DSDK01,Edison,0.41367803517923973
5,26,Financial_economics,capital_market,0.41385196124552315
5,121,DSDM02,Edison,0.4141058778405561
5,116,DSDM04,Edison,0.41422351689663783
5,118,DSDM05,Edison,0.4150358224085976
5,162,Television_advertisement,Advertising,0.41551358833913665
5,87,Business communication,Business,0.41581804755349483
5,169,Data_mining,Machine_Learning,0.4175269720068696
5,180,Data mining,Machine_Learning,0.4175269720068696
5,31,Corporate_finance,capital_market,0.41799802168259825
5,231,Ruby,Computer_Programming,0.4184684789033153
5,127,DSENG03,Edison,0.41968103181210226
5,6,Doctor_of_Philosophy,Education,0.42091984562201334
5,104,RM4,Research,0.4213475819019461
5,175,Text mining,Machine_Learning,0.42240706898307334
5,178,Text_mining,Machine_Learning,0.42240706898307334
5,2,Bachelor_degree,Education,0.4234389732520678
5,246,R,Computer_Programming,0.42515381299942556
5,232,C++,Computer_Programming,0.4260877706013705
5,225,Computer_Programming,Computer_Programming,0.4273737481252654
5,212,Data_warehouse,Databases,0.4294129448287787
5,94,Business Model,Business,0.4327209117325773
5,214,New_product_development,ProductDevelopment,0.4327398027863285
5,88,Business Management,Business,0.4330634088746388
5,73,Octave,statistical_software,0.433620866714694
5,148,Octave,Software,0.433620866714694
5,42,6_BASIC_STATISTICAL_TOOLS,Statistics,0.4339256649614077
5,157,MarketingMix,Advertising,0.4339426001847394
5,114,DSDM06,Edison,0.43521150641523
5,28,CapitalMarket,capital_market,0.4370817167797123
5,240,Python,Computer_Programming,0.4373489111326505
5,200,CouchDB,Databases,0.43805597724025624
5,205,DSENG04_Relational_non-relational_databases,Databases,0.4395860676876928
5,229,C_Sharp,Computer_Programming,0.4405117513844118
5,91,Job interview,Business,0.4417604032496899
5,1,Master's_degree_in_Europe,Education,0.44619394135676504
5,233,Java,Computer_Programming,0.4465709105108784
5,55,Onboarding,Recuting,0.448791077991444
5,135,DSDK06,Edison,0.45003249836629355
5,224,C,Computer_Programming,0.45041018662165766
5,228,Programmer,Computer_Programming,0.4507012810381327
5,117,DSDM03,Edison,0.45236162191588125
5,189,MySQL,Databases,0.45389971986653244
5,10,Engineer_degree,Education,0.4549965667878969
5,38,Stock_Trader,capital_market,0.45621804862022275
5,235,PHP,Computer_Programming,0.45651863587417396
5,68,Git,statistical_software,0.45759556678623103
5,144,Git,Software,0.45759556678623103
5,218,CAD,ProductDevelopment,0.4600995808835536
5,29,Mathematical_finance,capital_market,0.4628383315920005
5,25,Financial_services,capital_market,0.46359593149568656
5,191,DB1,Databases,0.46364080195755397
5,204,NoSQL,Databases,0.4643608712320315
5,64,Hadoop,Distributed,0.4667172367110075
5,71,Weka,statistical_software,0.4668156109490025
5,146,Weka,Software,0.4668156109490025
5,238,PL-SQL,Computer_Programming,0.4674431235172303
5,15,Master_of_Laws,Education,0.4681198962852112
5,52,Human_resource_management,Recuting,0.46951358622108985
5,131,DSRM04,Edison,0.46998593134001687
5,171,Machine learning,Machine_Learning,0.4710520498731865
5,174,Machine_learning,Machine_Learning,0.4710520498731865
5,13,Master_of_Engineering,Education,0.4722381240225806
5,222,RequirementsManagement,ProductDevelopment,0.4749383889809835
5,40,StatisticalTechniques,Statistics,0.4754347142309959
5,4,Chemistry_Quality_Eurolabels,Education,0.47641199875972995
5,95,Corporate communication,Business,0.47758756839238825
5,23,Mathematics,Math_Stats_tools,0.4822474113830887
5,92,Project management,Business,0.48300256396525776
5,140,DSDA06,Edison,0.4830547915454735
5,78,Mathematica,statistical_software,0.4838426266180008
5,153,Mathematica,Software,0.4838426266180008
5,8,Master_degree,Education,0.485478375070172
5,72,Oracle Data Mining,statistical_software,0.4885351091668533
5,80,Oracle_Data_Mining,statistical_software,0.4885351091668533
5,147,Oracle Data Mining,Software,0.4885351091668533
5,155,Oracle_Data_Mining,Software,0.4885351091668533
5,7,Master_of_Science,Education,0.4892204542178129
5,186,MongoDB,Databases,0.4895083524227354
5,59,Cloud_Computing,Distributed,0.4903295329438305
5,65,Cloud Computing,Distributed,0.4903295329438305
5,197,Data_mart,Databases,0.49187174291694524
5,66,SAS,statistical_software,0.49588491124465506
5,142,SAS,Software,0.49588491124465506
5,227,SAS,Computer_Programming,0.49588491124465506
