5,182,DSDM04_DA,Edison,0.8600517282649839
5,36,Stock_Exchange,capital_market,0.8621222633775248
5,328,Software_architecture,Computer_Programming,0.8622891729241919
5,44,Important_Methods_For_Statistical_Data_Analysis,Statistics,0.8626170601618013
5,136,DSDA02_IMFSDA,Edison,0.8626170601618013
5,37,Finance,capital_market,0.8626975995355146
5,281,Database2,Databases,0.8633268439876429
5,77,Waffles,statistical_software,0.8638572717252901
5,239,Waffles,Software,0.8638572717252901
5,17,Biomedicine,Biomedical,0.864416797392565
5,162,DSDM01_DMSP,Edison,0.8648582617651546
5,273,MongoDB,Databases,0.8650343204568443
5,95,Corporate communication,Business,0.8659994219214314
5,327,Python,Computer_Programming,0.866313063785751
5,85,Non-store_retailing,e-commerce,0.8664916938155224
5,112,DSDM05_FDDTDC,Edison,0.8665146107845727
5,78,Mathematica,statistical_software,0.8665168199247235
5,240,Mathematica,Software,0.8665168199247235
5,198,DSDK01_BP,Edison,0.866727660439778
5,4,Chemistry_Quality_Eurolabels,Education,0.8678507764945149
5,29,Mathematical_finance,capital_market,0.8692169476800462
5,1,Master's_degree_in_Europe,Education,0.8692245792362848
5,137,DSDM02_DBM,Edison,0.870425206039505
5,244,MarketingMix,Advertising,0.8710895785752665
5,196,DSDA04_DI,Edison,0.871540807354789
5,148,DSDM03_DI2,Edison,0.8725589318929868
5,28,CapitalMarket,capital_market,0.8732975580184583
5,303,VirtualProductDevelopment,ProductDevelopment,0.8734456876040153
5,102,RM3,Research,0.8735993923474201
5,219,DSRM01_RM3,Edison,0.8735993923474201
5,138,DSDM01_WADMP,Edison,0.8736699816532543
5,96,ScholarlyMethod,Research,0.8744674790543825
5,9,European_Joint_Master_degree_in_Economics,Education,0.8746763459294233
5,51,Employment_websites,Recuting,0.8767229713854029
5,153,DSDA04_DB3,Edison,0.877353278917558
5,177,DSRM04_DSAAP,Edison,0.8777015113094474
5,216,DSDM03_DCAI,Edison,0.8778947693305117
5,315,Programmer,Computer_Programming,0.8782032661917366
5,130,DSDM01_DMC,Edison,0.8786373135615608
5,318,Ruby,Computer_Programming,0.8799914098280747
5,45,Correlation,Statistics,0.8809095233563086
5,140,DSDA02_CoR,Edison,0.8809095233563086
5,88,Business Management,Business,0.8809332354418186
5,144,DSDK06_Marketing,Edison,0.88217067683734
5,254,Supervised_Learning,Machine_Learning,0.8823679041959208
5,255,Supervised Learning,Machine_Learning,0.8823679041959208
5,243,Co-marketing,Advertising,0.8823683754079699
5,277,RDBMS,Databases,0.8826112520209013
5,56,Human_resource_consulting,Recuting,0.8832633770184084
5,296,Elasticsearch,Databases,0.8837540840448765
5,176,DSDM02_DM101,Edison,0.8843619890988698
5,48,Executive_search_firms,Recuting,0.884628170090371
5,8,Master_degree,Education,0.8847348020540375
5,145,DSENG06_LORS,Edison,0.8861358379238181
5,322,PHP,Computer_Programming,0.8867244669854318
5,34,FinancialRegulation,capital_market,0.8868037641081777
5,98,RM2,Research,0.8868479742529707
5,185,DSRM01_RM2,Edison,0.8868479742529707
5,312,Computer_Programming,Computer_Programming,0.8872048969520592
5,210,DSDM03_DI3,Edison,0.8876504357153168
5,106,DSRM06_Contribute_research_objectives,Research,0.8882025793636416
5,186,DSRM05_CRO,Edison,0.8882025793636416
5,108,RM1,Research,0.8894460333510511
5,115,DSRM06_RM1,Edison,0.8894460333510511
5,135,DSRM01_RM1,Edison,0.8894460333510511
5,38,Stock_Trader,capital_market,0.8904795384580292
5,317,Objective-C,Computer_Programming,0.8905755738650931
5,304,Product_life-CycleManagement,ProductDevelopment,0.8907711146176337
5,199,DSDK03_TROFITSPADMP,Edison,0.8909165839559509
5,179,DSDK04_ASI,Edison,0.8914615026125974
5,15,Master_of_Laws,Education,0.8915979049749766
5,60,Cloudera,Distributed,0.8934710944308164
5,332,Software_developer,Computer_Programming,0.8947482944947854
5,99,IsOperationsResearchReallyResearch,Research,0.8962089541019312
5,197,DSRM03_IORRR,Edison,0.8962089541019312
5,203,DSENG05_DS4,Edison,0.8974326756559412
5,311,C,Computer_Programming,0.8974655542348499
5,30,Financial_instrument,capital_market,0.8986663752459184
5,316,C_Sharp,Computer_Programming,0.9004646421177348
5,121,DSDM06_ELACIPR,Edison,0.9006761538194427
5,32,Financial_market,capital_market,0.9012467601872314
5,82,Online_marketplace,e-commerce,0.9019935914420016
5,189,DSDM01_DM,Edison,0.9040508855680763
5,114,DSDM06_EORDM,Edison,0.9041308797161723
5,39,A_Guide_to_Statistical_Techniques,Statistics,0.9042540414356044
5,214,DSENG04_RNRD,Edison,0.9050161501503139
5,292,DSENG04_Relational_non-relational_databases,Databases,0.9050161501503139
5,211,DSDA06_DVT,Edison,0.9051895580261725
5,190,DSENG04_DB5,Edison,0.9052081582592987
5,279,DB5,Databases,0.9052081582592987
5,100,Secondary_research,Research,0.9093865814223011
5,109,Primary_Research,Research,0.9098639347619208
5,97,UndergraduateResearch,Research,0.9106237248912306
5,324,Scala,Computer_Programming,0.9108329962700858
5,276,MySQL,Databases,0.9108462200216405
5,188,DSRM04_SPIA,Edison,0.911437071187373
5,300,Time_toMarket,ProductDevelopment,0.9132700568249678
5,49,Executive_search,Recuting,0.9141827962986847
5,83,Types_of_e-commerce,e-commerce,0.9142055488464772
5,58,Hortonworks,Distributed,0.9142192884213429
5,286,IBM_DB2,Databases,0.9167617687568241
5,192,DSDM06_IPRIDM,Edison,0.9168402747582481
5,74,MATLAB,statistical_software,0.9170559084180752
5,236,MATLAB,Software,0.9170559084180752
5,295,Database,Databases,0.9173063984140515
5,93,Service-oriented modeling,Business,0.9191505190000544
5,25,Financial_services,capital_market,0.9203286884752983
5,326,Julia,Computer_Programming,0.9212103294787721
5,202,DSDM02_DM,Edison,0.9225339008828801
5,248,Meta-advertising,Advertising,0.924664424600131
5,308,Product,ProductDevelopment,0.9249132199164039
5,126,DSENG04_DB3,Edison,0.9255333554498815
5,294,DB3,Databases,0.9255333554498815
5,35,Investment_theory,capital_market,0.9261188270676275
5,212,DSENG04_DB4,Edison,0.926245000365652
5,283,DB4,Databases,0.926245000365652
5,200,DSDM05_DS,Edison,0.926285431525505
5,159,DSDM03_DI5,Edison,0.9267810029699718
5,73,Octave,statistical_software,0.9276822684450308
5,235,Octave,Software,0.9276822684450308
5,110,FrascatiDefinitionofResearch,Research,0.9292854869251773
5,161,DSRM03_FDOR,Edison,0.9292854869251773
5,302,productDevelopment,ProductDevelopment,0.9299655669574155
5,319,C++,Computer_Programming,0.9304926909146857
5,329,JavaScript,Computer_Programming,0.9324521499090179
5,310,C--,Computer_Programming,0.932890727473915
5,119,DSDK01_BPD,Edison,0.9355024580337599
5,321,Objective-J,Computer_Programming,0.9360781608928344
5,42,6_BASIC_STATISTICAL_TOOLS,Statistics,0.9398333105187775
5,139,DSDA02_BST,Edison,0.9398333105187775
5,306,MarketPenetration,ProductDevelopment,0.9406741569331375
5,298,db,Databases,0.9418548712268046
5,79,Software,statistical_software,0.9431929650821864
5,241,Software,Software,0.9431929650821864
5,59,Cloud_Computing,Distributed,0.9432129603485108
5,65,Cloud Computing,Distributed,0.9432129603485108
5,275,ODBMS,Databases,0.9435692195019988
5,107,RMO,Research,0.9440140755087822
5,174,DSRM05_RMO,Edison,0.9440140755087822
5,33,Financial_market_efficiency,capital_market,0.944557487128748
5,323,System_programming,Computer_Programming,0.9477165182527786
5,291,NoSQL,Databases,0.949294797070798
5,172,DSENG04_DB1,Edison,0.949361859430982
5,278,DB1,Databases,0.949361859430982
5,320,Java,Computer_Programming,0.9508249301473621
5,103,DSRM01_Scientific_method,Research,0.9522228518809637
5,193,DSRM01_SM,Edison,0.9522228518809637
5,285,Microsoft_SQL_Server,Databases,0.9526883418646914
5,325,PL-SQL,Computer_Programming,0.9552349746881644
5,92,Project management,Business,0.9558000359540405
5,191,DSDA06_SV,Edison,0.9575393613476141
5,205,DSDM05_DFM,Edison,0.9608063025534541
5,227,DSENG05_SSM,Edison,0.9651141290174658
5,209,DSDM02_DBMS-DM,Edison,0.9651269421138257
5,307,Pro-innovation_bias,ProductDevelopment,0.9667888636241347
5,215,DSENG05_DS1,Edison,0.968881995885851
5,47,Summary_Table_for_Statistical_Techniques,Statistics,0.9706135892476662
5,288,Oracle_Database,Databases,0.9711274439600547
5,331,Transact-SQL,Computer_Programming,0.9731198684677345
5,111,SS,Research,0.9747556882699907
5,116,DSRM02_SS,Edison,0.9747556882699907
5,293,database,Databases,0.9801738536802311
5,223,DSDK04_AS,Edison,0.9833952961082008
5,11,Educational_specialist,Education,0.9839867532044988
5,166,DSRM04_SP,Edison,0.9966178363275651
5,289,Databases,Databases,1.0
6,180,DSDA05_Platforms1,Edison,0.28650564386834276
6,134,DSDK04_HBDATCHYO,Edison,0.3474727911665588
6,207,DSENG06_BDAA,Edison,0.3514112003315887
6,143,DSDA05_BDAP,Edison,0.392181257666529
6,173,DSDA03_BDTA,Edison,0.49910980523213844
6,213,DSDA03_DA,Edison,0.591410896491643
6,167,DSDK02_S,Edison,0.6030887406628709
6,118,DSDA05_Platforms3,Edison,0.608129871757215
6,264,Predictive Analytics,Machine_Learning,0.6175872448903643
6,270,Predictive_Analytics,Machine_Learning,0.6175872448903643
6,133,DSDA01_PA,Edison,0.6226281584226643
6,144,DSDK06_Marketing,Edison,0.6313930236246048
6,246,Mobile_marketing,Advertising,0.6333172803987601
6,127,DSDA05_Platforms2,Edison,0.6459557856132847
6,125,DSDA03_HPACIDM,Edison,0.6508063637465211
6,169,DSDK03_SM,Edison,0.6684528035140429
6,170,DSDK02_HTDBDCS,Edison,0.6820998834555407
6,156,DSDK05_ACD,Edison,0.6835400313556642
6,90,Business Intelligence,Business,0.6966503025528173
6,244,MarketingMix,Advertising,0.6985885553455298
6,243,Co-marketing,Advertising,0.7031785507948713
6,146,DSDK02_BDNPD,Edison,0.7063457374527664
6,208,DSDA04_DB2,Edison,0.7089032722147202
6,122,DSDK06_ADFM,Edison,0.7089792319991894
6,66,SAS,statistical_software,0.7225822023405672
6,229,SAS,Software,0.7225822023405672
6,314,SAS,Computer_Programming,0.7225822023405672
6,95,Corporate communication,Business,0.7226977016147315
6,53,Employment_agencies,Recuting,0.7229122963116359
6,89,Business,Business,0.7305653618132104
6,250,Viral_marketing,Advertising,0.7326423186874126
6,333,R,Computer_Programming,0.7447532729635493
6,72,Oracle Data Mining,statistical_software,0.7491255800408594
6,80,Oracle_Data_Mining,statistical_software,0.7491255800408594
6,234,Oracle Data Mining,Software,0.7491255800408594
6,242,Oracle_Data_Mining,Software,0.7491255800408594
6,46,DataAnalytics,Statistics,0.7551998479460481
6,123,DSDA02_DA,Edison,0.7551998479460481
6,194,DSDA03_AFDM,Edison,0.7578609982481251
6,245,Advertising,Advertising,0.7641825242804663
6,262,Text mining,Machine_Learning,0.7662507153639683
6,265,Text_mining,Machine_Learning,0.7662507153639683
6,81,E-commerce,e-commerce,0.7734969932788354
6,226,DSDM04_DG,Edison,0.7786132264608511
6,179,DSDK04_ASI,Edison,0.7852460147258548
6,52,Human_resource_management,Recuting,0.7857611804812328
6,272,Apache_HBase,Databases,0.7876419911133447
6,58,Hortonworks,Distributed,0.7876747912124021
6,31,Corporate_finance,capital_market,0.7895472635708135
6,145,DSENG06_LORS,Edison,0.7909006368455316
6,301,New_product_development,ProductDevelopment,0.7926635429013063
6,130,DSDM01_DMC,Edison,0.7967659795061159
6,189,DSDM01_DM,Edison,0.7997061134079857
6,286,IBM_DB2,Databases,0.8068312469847976
6,203,DSENG05_DS4,Edison,0.8082944286575942
6,199,DSDK03_TROFITSPADMP,Edison,0.8104166856416483
6,198,DSDK01_BP,Edison,0.8115516053320277
6,195,DSDK03_SFM,Edison,0.8119392282919031
6,309,RequirementsManagement,ProductDevelopment,0.81245217589705
6,164,DSDA04_DB4,Edison,0.8133405927249686
6,24,Math_Stats_tools,Math_Stats_tools,0.8183087528745042
6,196,DSDA04_DI,Edison,0.8188169966830297
6,247,Interactive_advertising,Advertising,0.819559035228924
6,288,Oracle_Database,Databases,0.8210815089587057
6,60,Cloudera,Distributed,0.8233790557907654
6,256,Data_mining,Machine_Learning,0.8286604853196015
6,267,Data mining,Machine_Learning,0.8286604853196015
6,88,Business Management,Business,0.8293538864458845
6,94,Business Model,Business,0.8352535358045182
6,277,RDBMS,Databases,0.8366298889736355
6,220,DSENG03_DM5,Edison,0.8389219620532257
6,92,Project management,Business,0.8391029547448451
6,304,Product_life-CycleManagement,ProductDevelopment,0.8398378991081126
6,119,DSDK01_BPD,Edison,0.8406918163831807
6,165,DSDM03_DI1,Edison,0.8420352990236155
6,276,MySQL,Databases,0.8423927650190037
6,297,PostgreSQL,Databases,0.842933843155057
6,55,Onboarding,Recuting,0.8429439642353722
6,299,Data_warehouse,Databases,0.8432765441508936
6,228,DSENG03_DM4,Edison,0.8446608360843944
6,325,PL-SQL,Computer_Programming,0.8455466943508485
6,224,DSDA05_DV,Edison,0.8469769604074887
6,178,DSDK03_TSOMISFESATP,Edison,0.8475137693793215
6,36,Stock_Exchange,capital_market,0.8487645256230276
6,282,MonetDB,Databases,0.8495722191805538
6,29,Mathematical_finance,capital_market,0.8502191037865791
6,201,DSDA04_DB,Edison,0.8502566358883616
6,129,DSDM01_DMCP,Edison,0.85044686190112
6,71,Weka,statistical_software,0.8516675122304549
6,233,Weka,Software,0.8516675122304549
6,117,DSENG06_AA,Edison,0.8521364701393159
6,37,Finance,capital_market,0.8527096242157237
6,147,DSENG05_DS2,Edison,0.8560842647880322
6,56,Human_resource_consulting,Recuting,0.8567864534576278
6,26,Financial_economics,capital_market,0.8599779300136309
6,162,DSDM01_DMSP,Edison,0.8600402885601446
6,175,DSDA04_DB1,Edison,0.8606579523995973
6,25,Financial_services,capital_market,0.8614130288265766
6,300,Time_toMarket,ProductDevelopment,0.8623269506626706
6,168,DSDM03_DI4,Edison,0.8637768318447475
6,285,Microsoft_SQL_Server,Databases,0.8642818429298145
6,227,DSENG05_SSM,Edison,0.8651615772602348
6,289,Databases,Databases,0.8653624767825907
6,113,DSDM05_DP,Edison,0.8663056256001461
6,132,DSENG06_DB,Edison,0.8682008193750747
6,215,DSENG05_DS1,Edison,0.8701503651043143
6,154,DSDM04_DL,Edison,0.8720333861271583
6,210,DSDM03_DI3,Edison,0.8729708609090815
6,249,Television_advertisement,Advertising,0.8729780204679936
6,38,Stock_Trader,capital_market,0.8732003891608934
6,216,DSDM03_DCAI,Edison,0.8745915263896489
6,148,DSDM03_DI2,Edison,0.8782661384241028
6,64,Hadoop,Distributed,0.8783929018854043
6,32,Financial_market,capital_market,0.8795927026169604
6,171,DSDM01_DMP,Edison,0.8796816630187867
6,181,DSRM06_DOI,Edison,0.8799287179390032
6,30,Financial_instrument,capital_market,0.8807934283021022
6,28,CapitalMarket,capital_market,0.8825047793446772
6,184,DSDM06_EIIDM,Edison,0.8828637775861551
6,34,FinancialRegulation,capital_market,0.8842832930041081
6,83,Types_of_e-commerce,e-commerce,0.8849102680404504
6,138,DSDM01_WADMP,Edison,0.8867418517716569
6,35,Investment_theory,capital_market,0.8869792867731524
6,303,VirtualProductDevelopment,ProductDevelopment,0.8880093398771475
6,67,JMP,statistical_software,0.8880128056243483
6,230,JMP,Software,0.8880128056243483
6,269,Classification,Machine_Learning,0.8882296518841933
6,176,DSDM02_DM101,Edison,0.8886734409173533
6,27,FinanceCapitalism,capital_market,0.8887858235344218
6,200,DSDM05_DS,Edison,0.8914933107191131
6,84,E-commerce_credit_card_payment_system,e-commerce,0.8919289735819291
6,214,DSENG04_RNRD,Edison,0.8923831142050589
6,292,DSENG04_Relational_non-relational_databases,Databases,0.8923831142050589
6,273,MongoDB,Databases,0.892784570614746
6,218,DSENG03_DM3,Edison,0.8940135675408618
6,302,productDevelopment,ProductDevelopment,0.8963816641231859
6,308,Product,ProductDevelopment,0.8966939643426569
6,87,Business communication,Business,0.8969986230353939
6,305,CAD,ProductDevelopment,0.8979472358514802
6,78,Mathematica,statistical_software,0.8991280140118082
6,240,Mathematica,Software,0.8991280140118082
6,70,SPSS,statistical_software,0.8998506026633034
6,232,SPSS,Software,0.8998506026633034
6,75,GATE,statistical_software,0.9007231521176041
6,237,GATE,Software,0.9007231521176041
6,68,Git,statistical_software,0.9009205018419609
6,231,Git,Software,0.9009205018419609
6,12,Graduate_school,Education,0.901335989894342
6,49,Executive_search,Recuting,0.9018777864547829
6,150,DSENG03_ATFDM,Edison,0.9027621863736919
6,40,StatisticalTechniques,Statistics,0.9032676713332566
6,155,DSDA02_ST,Edison,0.9032676713332566
6,225,DSENG03_DM2,Edison,0.9033953943305809
6,79,Software,statistical_software,0.9034960144434445
6,241,Software,Software,0.9034960144434445
6,259,Information_Retrieval,Machine_Learning,0.9051448475043643
6,263,Information Retrieval,Machine_Learning,0.9051448475043643
6,19,_BiomedicalEngineers,Biomedical,0.9060274895078063
6,287,CouchDB,Databases,0.906336349360172
6,91,Job interview,Business,0.9077403122796566
6,284,Data_mart,Databases,0.9092481820847896
6,93,Service-oriented modeling,Business,0.9099416287445089
6,112,DSDM05_FDDTDC,Edison,0.9100809586849691
6,16,BiomedicalEngineers2,Biomedical,0.9108950636038067
6,6,Doctor_of_Philosophy,Education,0.9112740898567768
6,114,DSDM06_EORDM,Edison,0.911514558689531
6,0,First_professional_degree,Education,0.9119293871668552
6,141,DSRM06_TCAIPSIS,Edison,0.9125462617675512
6,315,Programmer,Computer_Programming,0.9129266862865311
6,205,DSDM05_DFM,Edison,0.9131105118939639
6,322,PHP,Computer_Programming,0.9138947078275843
6,332,Software_developer,Computer_Programming,0.9144873867604283
6,76,KNIME,statistical_software,0.9146156121279818
6,238,KNIME,Software,0.9146156121279818
6,1,Master's_degree_in_Europe,Education,0.9147968263641078
6,86,Digital_economy,e-commerce,0.9150253530615927
6,54,Employment_agency,Recuting,0.9150568942840147
6,275,ODBMS,Databases,0.9165789651145075
6,260,Categorization,Machine_Learning,0.9168788468412654
6,126,DSENG04_DB3,Edison,0.9178682926875696
6,294,DB3,Databases,0.9178682926875696
6,211,DSDA06_DVT,Edison,0.9179758392537255
6,137,DSDM02_DBM,Edison,0.9184622873108381
6,202,DSDM02_DM,Edison,0.9185009417355795
6,23,Mathematics,Math_Stats_tools,0.9206748507796426
6,257,Clustering,Machine_Learning,0.920794230941122
6,85,Non-store_retailing,e-commerce,0.9212057043396623
6,2,Bachelor_degree,Education,0.9212921000740768
6,192,DSDM06_IPRIDM,Edison,0.9221819595111586
6,61,Grid_computing,Distributed,0.9222448626496068
6,62,Grid computing,Distributed,0.9222448626496068
6,290,SPARQL,Databases,0.922793686903637
6,97,UndergraduateResearch,Research,0.9233522229862023
6,190,DSENG04_DB5,Edison,0.9239942235830564
6,279,DB5,Databases,0.9239942235830564
6,82,Online_marketplace,e-commerce,0.9244788031760508
6,306,MarketPenetration,ProductDevelopment,0.9255650151172746
6,157,DSENG03_DM1,Edison,0.9255769273873291
6,5,Terminal_degree,Education,0.9258330499685317
6,8,Master_degree,Education,0.9260918338493165
6,295,Database,Databases,0.9263154626008472
6,311,C,Computer_Programming,0.9267628391782763
6,251,Video_commerce,Advertising,0.9281207301350546
6,188,DSRM04_SPIA,Edison,0.9290878129221913
6,151,DSRM04_EAP,Edison,0.929751932307513
6,153,DSDA04_DB3,Edison,0.9298076892311095
6,281,Database2,Databases,0.9306374765544239
6,77,Waffles,statistical_software,0.9313841748823064
6,239,Waffles,Software,0.9313841748823064
6,327,Python,Computer_Programming,0.9315131385396006
6,124,DSENG04_DB2,Edison,0.9315217655711636
6,274,DB2,Databases,0.9315217655711636
6,221,DSDM04_DS,Edison,0.9322264180634326
6,4,Chemistry_Quality_Eurolabels,Education,0.932433108985558
6,183,DSDA05_CDV,Edison,0.9328725350093845
6,7,Master_of_Science,Education,0.9333363133713106
6,48,Executive_search_firms,Recuting,0.9339876464326516
6,321,Objective-J,Computer_Programming,0.9339954572736849
6,10,Engineer_degree,Education,0.9340806169962388
6,209,DSDM02_DBMS-DM,Edison,0.9351211472195695
6,15,Master_of_Laws,Education,0.9352026286135867
6,105,DSRM02_Systematic_study,Research,0.9353241261834879
6,149,DSRM02_SysS,Edison,0.9353241261834879
6,33,Financial_market_efficiency,capital_market,0.9360636381324818
6,99,IsOperationsResearchReallyResearch,Research,0.9372212434969838
6,197,DSRM03_IORRR,Edison,0.9372212434969838
6,296,Elasticsearch,Databases,0.9375075565082794
6,17,Biomedicine,Biomedical,0.9377233477854848
6,18,BiomedicalEngineering,Biomedical,0.9378522214388949
6,110,FrascatiDefinitionofResearch,Research,0.9385899004947976
6,161,DSRM03_FDOR,Edison,0.9385899004947976
6,291,NoSQL,Databases,0.9390464776754256
6,172,DSENG04_DB1,Edison,0.9391147844563655
6,278,DB1,Databases,0.9391147844563655
6,13,Master_of_Engineering,Education,0.9404599867568454
6,177,DSRM04_DSAAP,Edison,0.9405131368535311
6,120,DSENG04_DB6,Edison,0.9405693835942981
6,280,DB6,Databases,0.9405693835942981
6,204,DSENG01_EP,Edison,0.9416352760720927
6,318,Ruby,Computer_Programming,0.9418930100252025
6,182,DSDM04_DA,Edison,0.9419276243068994
6,316,C_Sharp,Computer_Programming,0.9421503401065014
6,106,DSRM06_Contribute_research_objectives,Research,0.9423176995702895
6,186,DSRM05_CRO,Edison,0.9423176995702895
6,268,Statistical method,Machine_Learning,0.9427878485551872
6,271,Statistical_method,Machine_Learning,0.9427878485551872
6,109,Primary_Research,Research,0.9431545246947963
6,326,Julia,Computer_Programming,0.9436547205242994
6,98,RM2,Research,0.9436821268975576
6,185,DSRM01_RM2,Edison,0.9436821268975576
6,158,DSENG06_OR,Edison,0.9462186927304798
6,312,Computer_Programming,Computer_Programming,0.9462730693377338
6,222,DSRM06_Ing,Edison,0.9476749328016125
6,212,DSENG04_DB4,Edison,0.948370284255233
6,283,DB4,Databases,0.948370284255233
6,328,Software_architecture,Computer_Programming,0.9485492717481522
6,329,JavaScript,Computer_Programming,0.949576256983583
6,45,Correlation,Statistics,0.9512947413735494
6,140,DSDA02_CoR,Edison,0.9512947413735494
6,310,C--,Computer_Programming,0.9513927143511853
6,313,pbdR,Computer_Programming,0.9514559225674358
6,319,C++,Computer_Programming,0.9515434392356442
6,258,Machine learning,Machine_Learning,0.9533794444756009
6,261,Machine_learning,Machine_Learning,0.9533794444756009
6,100,Secondary_research,Research,0.9536956051993651
6,121,DSDM06_ELACIPR,Edison,0.9540410037125284
6,74,MATLAB,statistical_software,0.9554906319066787
6,236,MATLAB,Software,0.9554906319066787
6,317,Objective-C,Computer_Programming,0.9557106597436376
6,20,Statistics,Math_Stats_tools,0.9557677772454423
6,41,Statistics,Statistics,0.9557677772454423
6,131,DSDA02_Stat,Edison,0.9557677772454423
6,50,Personality-job_fit_theory,Recuting,0.9561643817920537
6,253,Statistics,Machine_Learning,0.9565226693937583
6,331,Transact-SQL,Computer_Programming,0.956942356677046
6,9,European_Joint_Master_degree_in_Economics,Education,0.9571921450377334
6,254,Supervised_Learning,Machine_Learning,0.9587292302418967
6,255,Supervised Learning,Machine_Learning,0.9587292302418967
6,324,Scala,Computer_Programming,0.9592360379867857
6,108,RM1,Research,0.9593153162753854
6,115,DSRM06_RM1,Edison,0.9593153162753854
6,135,DSRM01_RM1,Edison,0.9593153162753854
6,252,Unsupervised_learning,Machine_Learning,0.95970384884904
6,266,Unsupervised learning,Machine_Learning,0.95970384884904
6,320,Java,Computer_Programming,0.9604587323879428
6,43,List_of_statistical_packages,Statistics,0.9614226060529084
6,142,DSDA02_LOSP,Edison,0.9614226060529084
6,22,List_of_statistical_packages,Math_Stats_tools,0.9617544986405765
6,69,List_of_statistical_packages,statistical_software,0.9617544986405765
6,160,DSENG02_CS2,Edison,0.9626820492057893
6,44,Important_Methods_For_Statistical_Data_Analysis,Statistics,0.9640670659823591
6,136,DSDA02_IMFSDA,Edison,0.9640670659823591
6,59,Cloud_Computing,Distributed,0.9644086726128271
6,65,Cloud Computing,Distributed,0.9644086726128271
6,39,A_Guide_to_Statistical_Techniques,Statistics,0.9647863860048512
6,298,db,Databases,0.964880127029442
6,223,DSDK04_AS,Edison,0.9651894125075501
6,187,DSENG02_CS3,Edison,0.9660472679497507
6,163,DSENG02_CS,Edison,0.9661898557913935
6,14,Professional_Science_Master's_Degree,Education,0.9662532388293542
6,330,Software_engineer,Computer_Programming,0.9676102006963216
6,293,database,Databases,0.9677238523954699
6,57,Distributed Computing,Distributed,0.9678918539128468
6,63,Distributed_Computing,Distributed,0.9678918539128468
6,102,RM3,Research,0.9686288250691221
6,219,DSRM01_RM3,Edison,0.9686288250691221
6,323,System_programming,Computer_Programming,0.9688038661075329
6,217,DSRM06_SM,Edison,0.9695628318941698
6,107,RMO,Research,0.9700327638574147
6,174,DSRM05_RMO,Edison,0.9700327638574147
6,152,DSENG02_CS1,Edison,0.9706913414755544
6,334,Computer_network,Computer_Programming,0.9709781697073608
6,103,DSRM01_Scientific_method,Research,0.9722071421753066
6,193,DSRM01_SM,Edison,0.9722071421753066
6,104,RM4,Research,0.9725315869766443
6,128,DSRM01_RM4,Edison,0.9725315869766443
6,101,RM5,Research,0.9727397889366575
6,206,DSRM01_RM5,Edison,0.9727397889366575
6,73,Octave,statistical_software,0.9731486736971563
6,235,Octave,Software,0.9731486736971563
6,307,Pro-innovation_bias,ProductDevelopment,0.9743983036524955
6,96,ScholarlyMethod,Research,0.9758752580149388
6,3,Master_of_Applied_Science,Education,0.9762110412554411
6,191,DSDA06_SV,Edison,0.977151442014689
6,42,6_BASIC_STATISTICAL_TOOLS,Statistics,0.9779548132558966
6,139,DSDA02_BST,Edison,0.9779548132558966
6,11,Educational_specialist,Education,0.9787505623420929
6,51,Employment_websites,Recuting,0.9832996537113425
6,47,Summary_Table_for_Statistical_Techniques,Statistics,0.9841788356715998
6,111,SS,Research,0.9842523323234353
6,116,DSRM02_SS,Edison,0.9842523323234353
6,159,DSDM03_DI5,Edison,0.9842812859026641
6,166,DSRM04_SP,Edison,0.9926978566190039
6,21,Lists_of_mathematics_topics,Math_Stats_tools,0.9961209197134022
6,248,Meta-advertising,Advertising,0.9999906830423566
7,295,Database,Databases,0.2575700872816544
7,291,NoSQL,Databases,0.3025483220189097
7,172,DSENG04_DB1,Edison,0.3034707669148502
7,278,DB1,Databases,0.3034707669148502
7,298,db,Databases,0.3053895685084693
7,212,DSENG04_DB4,Edison,0.3179323496867964
7,283,DB4,Databases,0.3179323496867964
7,287,CouchDB,Databases,0.31862219531219194
7,276,MySQL,Databases,0.3324369053641488
7,275,ODBMS,Databases,0.3569907853169728
7,126,DSENG04_DB3,Edison,0.36112325918727395
7,294,DB3,Databases,0.36112325918727395
7,293,database,Databases,0.36202499032606383
7,277,RDBMS,Databases,0.3689081325784749
7,286,IBM_DB2,Databases,0.38731936956877544
7,297,PostgreSQL,Databases,0.3940426123438938
7,192,DSDM06_IPRIDM,Edison,0.422048791788454
7,282,MonetDB,Databases,0.42827175450226673
7,201,DSDA04_DB,Edison,0.46395358411213017
7,216,DSDM03_DCAI,Edison,0.47097807880927767
7,281,Database2,Databases,0.48753452530339747
7,273,MongoDB,Databases,0.4936750396115248
7,284,Data_mart,Databases,0.5109644381869597
7,299,Data_warehouse,Databases,0.5127797501661556
7,129,DSDM01_DMCP,Edison,0.544365114206985
7,137,DSDM02_DBM,Edison,0.5577466517596911
7,289,Databases,Databases,0.5682184946870537
7,190,DSENG04_DB5,Edison,0.58139319151739
7,279,DB5,Databases,0.58139319151739
7,214,DSENG04_RNRD,Edison,0.5932332550338768
7,292,DSENG04_Relational_non-relational_databases,Databases,0.5932332550338768
7,285,Microsoft_SQL_Server,Databases,0.6037253010147947
7,148,DSDM03_DI2,Edison,0.6156627363734584
7,130,DSDM01_DMC,Edison,0.6770144160781104
7,210,DSDM03_DI3,Edison,0.6780672983198951
7,165,DSDM03_DI1,Edison,0.6795004724226872
7,290,SPARQL,Databases,0.6798660579276583
7,90,Business Intelligence,Business,0.6892993633460148
7,117,DSENG06_AA,Edison,0.7057566460091036
7,132,DSENG06_DB,Edison,0.7067322270645173
7,272,Apache_HBase,Databases,0.7077838056019046
7,189,DSDM01_DM,Edison,0.7107389692506019
7,83,Types_of_e-commerce,e-commerce,0.7108604647503629
7,176,DSDM02_DM101,Edison,0.7230709814319287
7,325,PL-SQL,Computer_Programming,0.7260626013507139
7,334,Computer_network,Computer_Programming,0.7339165793620817
7,288,Oracle_Database,Databases,0.7342912641474513
7,64,Hadoop,Distributed,0.7466455681516471
7,89,Business,Business,0.7524873419173943
7,220,DSENG03_DM5,Edison,0.7552383375582418
7,204,DSENG01_EP,Edison,0.7553254606473192
7,76,KNIME,statistical_software,0.7555072882561553
7,238,KNIME,Software,0.7555072882561553
7,208,DSDA04_DB2,Edison,0.7555134978433768
7,71,Weka,statistical_software,0.759781243268282
7,233,Weka,Software,0.759781243268282
7,81,E-commerce,e-commerce,0.7615104565841279
7,224,DSDA05_DV,Edison,0.7627982354641208
7,180,DSDA05_Platforms1,Edison,0.763420495529995
7,205,DSDM05_DFM,Edison,0.765131770094237
7,68,Git,statistical_software,0.7656134222241465
7,231,Git,Software,0.7656134222241465
7,168,DSDM03_DI4,Edison,0.7686375330872268
7,127,DSDA05_Platforms2,Edison,0.7716572448009527
7,226,DSDM04_DG,Edison,0.7720929258199694
7,259,Information_Retrieval,Machine_Learning,0.7725907354001714
7,263,Information Retrieval,Machine_Learning,0.7725907354001714
7,160,DSENG02_CS2,Edison,0.7734070986970594
7,164,DSDA04_DB4,Edison,0.7737813155272897
7,175,DSDA04_DB1,Edison,0.7836763926335223
7,202,DSDM02_DM,Edison,0.7877479826629223
7,16,BiomedicalEngineers2,Biomedical,0.7894549254019886
7,113,DSDM05_DP,Edison,0.7895397049302746
7,19,_BiomedicalEngineers,Biomedical,0.7901617837664426
7,18,BiomedicalEngineering,Biomedical,0.7913037889577266
7,153,DSDA04_DB3,Edison,0.7963335544001136
7,58,Hortonworks,Distributed,0.7963590960569622
7,315,Programmer,Computer_Programming,0.8011289788599003
7,105,DSRM02_Systematic_study,Research,0.8048711477289314
7,149,DSRM02_SysS,Edison,0.8048711477289314
7,262,Text mining,Machine_Learning,0.8082416035569675
7,265,Text_mining,Machine_Learning,0.8082416035569675
7,88,Business Management,Business,0.8116970301010441
7,194,DSDA03_AFDM,Edison,0.8118231229381644
7,251,Video_commerce,Advertising,0.8174167621971975
7,86,Digital_economy,e-commerce,0.8176083087203179
7,75,GATE,statistical_software,0.8176749275302782
7,237,GATE,Software,0.8176749275302782
7,56,Human_resource_consulting,Recuting,0.8214704118268564
7,147,DSENG05_DS2,Edison,0.8236668533930619
7,78,Mathematica,statistical_software,0.8237825881162028
7,240,Mathematica,Software,0.8237825881162028
7,171,DSDM01_DMP,Edison,0.825235245132252
7,121,DSDM06_ELACIPR,Edison,0.8255881495035265
7,309,RequirementsManagement,ProductDevelopment,0.8266377040088253
7,159,DSDM03_DI5,Edison,0.8312023906614081
7,323,System_programming,Computer_Programming,0.8362930235833443
7,178,DSDK03_TSOMISFESATP,Edison,0.8371059249093415
7,52,Human_resource_management,Recuting,0.8392612225454985
7,322,PHP,Computer_Programming,0.8393533975458217
7,227,DSENG05_SSM,Edison,0.8401143387882866
7,169,DSDK03_SM,Edison,0.8406763033400744
7,200,DSDM05_DS,Edison,0.8407751135827831
7,328,Software_architecture,Computer_Programming,0.8431597860113234
7,120,DSENG04_DB6,Edison,0.8432769102942312
7,280,DB6,Databases,0.8432769102942312
7,61,Grid_computing,Distributed,0.8446016820458899
7,62,Grid computing,Distributed,0.8446016820458899
7,24,Math_Stats_tools,Math_Stats_tools,0.8480178882344184
7,13,Master_of_Engineering,Education,0.8487049353652446
7,305,CAD,ProductDevelopment,0.8488372995365944
7,330,Software_engineer,Computer_Programming,0.8495315374392545
7,40,StatisticalTechniques,Statistics,0.8498494318601642
7,155,DSDA02_ST,Edison,0.8498494318601642
7,196,DSDA04_DI,Edison,0.8517288938771443
7,66,SAS,statistical_software,0.851899423359825
7,229,SAS,Software,0.851899423359825
7,314,SAS,Computer_Programming,0.851899423359825
7,85,Non-store_retailing,e-commerce,0.8522511295503978
7,260,Categorization,Machine_Learning,0.8525321368364187
7,257,Clustering,Machine_Learning,0.8531281334280633
7,203,DSENG05_DS4,Edison,0.8550041247057065
7,181,DSRM06_DOI,Edison,0.8568558081863025
7,256,Data_mining,Machine_Learning,0.8570617398719272
7,267,Data mining,Machine_Learning,0.8570617398719272
7,114,DSDM06_EORDM,Edison,0.8572014656925911
7,118,DSDA05_Platforms3,Edison,0.8577450946093119
7,162,DSDM01_DMSP,Edison,0.8585843036555356
7,57,Distributed Computing,Distributed,0.8586653675290575
7,63,Distributed_Computing,Distributed,0.8586653675290575
7,198,DSDK01_BP,Edison,0.8593562334620148
7,92,Project management,Business,0.8624441999472262
7,94,Business Model,Business,0.8628228036495431
7,228,DSENG03_DM4,Edison,0.8636721476776492
7,333,R,Computer_Programming,0.8655662140915356
7,72,Oracle Data Mining,statistical_software,0.8663714559355945
7,80,Oracle_Data_Mining,statistical_software,0.8663714559355945
7,234,Oracle Data Mining,Software,0.8663714559355945
7,242,Oracle_Data_Mining,Software,0.8663714559355945
7,213,DSDA03_DA,Edison,0.8691591352547132
7,46,DataAnalytics,Statistics,0.8692512655054144
7,123,DSDA02_DA,Edison,0.8692512655054144
7,154,DSDM04_DL,Edison,0.8697069954011177
7,183,DSDA05_CDV,Edison,0.8699941871960077
7,138,DSDM01_WADMP,Edison,0.8717366869906851
7,87,Business communication,Business,0.8743940143083002
7,10,Engineer_degree,Education,0.8752189230180075
7,211,DSDA06_DVT,Edison,0.8755406219159723
7,170,DSDK02_HTDBDCS,Edison,0.8761044858916496
7,187,DSENG02_CS3,Edison,0.876217122255085
7,84,E-commerce_credit_card_payment_system,e-commerce,0.8769629677063389
7,167,DSDK02_S,Edison,0.8836219158449358
7,3,Master_of_Applied_Science,Education,0.8849821872612549
7,163,DSENG02_CS,Edison,0.8851039990097822
7,23,Mathematics,Math_Stats_tools,0.885425427700447
7,152,DSENG02_CS1,Edison,0.8856742815727017
7,246,Mobile_marketing,Advertising,0.8863609965113561
7,91,Job interview,Business,0.8879608299909606
7,93,Service-oriented modeling,Business,0.8880300592434528
7,67,JMP,statistical_software,0.8883129777454717
7,230,JMP,Software,0.8883129777454717
7,209,DSDM02_DBMS-DM,Edison,0.8896664895501066
7,39,A_Guide_to_Statistical_Techniques,Statistics,0.8899136903919891
7,199,DSDK03_TROFITSPADMP,Edison,0.8917391793926469
7,134,DSDK04_HBDATCHYO,Edison,0.8919094957802491
7,218,DSENG03_DM3,Edison,0.891948202263375
7,124,DSENG04_DB2,Edison,0.8942084423612028
7,274,DB2,Databases,0.8942084423612028
7,269,Classification,Machine_Learning,0.8948137512015961
7,119,DSDK01_BPD,Edison,0.8963027057114634
7,312,Computer_Programming,Computer_Programming,0.896527309250173
7,245,Advertising,Advertising,0.8986221524836837
7,70,SPSS,statistical_software,0.9012507263300185
7,232,SPSS,Software,0.9012507263300185
7,188,DSRM04_SPIA,Edison,0.9019715820975331
7,44,Important_Methods_For_Statistical_Data_Analysis,Statistics,0.9025270041444327
7,136,DSDA02_IMFSDA,Edison,0.9025270041444327
7,141,DSRM06_TCAIPSIS,Edison,0.9032243371631699
7,146,DSDK02_BDNPD,Edison,0.905310130803584
7,55,Onboarding,Recuting,0.9065547982655129
7,182,DSDM04_DA,Edison,0.9067102683860692
7,331,Transact-SQL,Computer_Programming,0.9070171524134406
7,225,DSENG03_DM2,Edison,0.907082417799539
7,326,Julia,Computer_Programming,0.9077721548137654
7,258,Machine learning,Machine_Learning,0.9095053861944138
7,261,Machine_learning,Machine_Learning,0.9095053861944138
7,82,Online_marketplace,e-commerce,0.9112173698295127
7,60,Cloudera,Distributed,0.9124231788797086
7,329,JavaScript,Computer_Programming,0.9130669233237055
7,191,DSDA06_SV,Edison,0.9140212184669627
7,327,Python,Computer_Programming,0.9140742915736797
7,313,pbdR,Computer_Programming,0.9148449602991394
7,301,New_product_development,ProductDevelopment,0.9172898865490766
7,332,Software_developer,Computer_Programming,0.9173527156321175
7,264,Predictive Analytics,Machine_Learning,0.9176698808621763
7,270,Predictive_Analytics,Machine_Learning,0.9176698808621763
7,321,Objective-J,Computer_Programming,0.9177415482406635
7,133,DSDA01_PA,Edison,0.9180914467742264
7,112,DSDM05_FDDTDC,Edison,0.9184717822093547
7,79,Software,statistical_software,0.9198037585389712
7,241,Software,Software,0.9198037585389712
7,311,C,Computer_Programming,0.9225903484759415
7,254,Supervised_Learning,Machine_Learning,0.9227708542091811
7,255,Supervised Learning,Machine_Learning,0.9227708542091811
7,95,Corporate communication,Business,0.9231154587977148
7,166,DSRM04_SP,Edison,0.9237348198449105
7,249,Television_advertisement,Advertising,0.9242897789853468
7,184,DSDM06_EIIDM,Edison,0.926551389111333
7,59,Cloud_Computing,Distributed,0.9280239943429283
7,65,Cloud Computing,Distributed,0.9280239943429283
7,150,DSENG03_ATFDM,Edison,0.9286214692393163
7,303,VirtualProductDevelopment,ProductDevelopment,0.9296916679875852
7,31,Corporate_finance,capital_market,0.9309279643474985
7,207,DSENG06_BDAA,Edison,0.9313198047526345
7,54,Employment_agency,Recuting,0.9313402721490543
7,304,Product_life-CycleManagement,ProductDevelopment,0.9313887986031447
7,300,Time_toMarket,ProductDevelopment,0.9315748940653283
7,4,Chemistry_Quality_Eurolabels,Education,0.9323218468453723
7,310,C--,Computer_Programming,0.9333436656814483
7,151,DSRM04_EAP,Edison,0.9334748391621402
7,223,DSDK04_AS,Edison,0.9335900641913154
7,317,Objective-C,Computer_Programming,0.9350987899451916
7,316,C_Sharp,Computer_Programming,0.9354512387981408
7,177,DSRM04_DSAAP,Edison,0.9363490664278866
7,50,Personality-job_fit_theory,Recuting,0.9371900596699586
7,319,C++,Computer_Programming,0.9375220682681537
7,5,Terminal_degree,Education,0.9380063872941921
7,77,Waffles,statistical_software,0.9385437085915697
7,239,Waffles,Software,0.9385437085915697
7,144,DSDK06_Marketing,Edison,0.9388999585455646
7,318,Ruby,Computer_Programming,0.9390488195838684
7,179,DSDK04_ASI,Edison,0.9390668851168662
7,2,Bachelor_degree,Education,0.9390831383624266
7,156,DSDK05_ACD,Edison,0.9393104493623825
7,25,Financial_services,capital_market,0.9409714401450816
7,17,Biomedicine,Biomedical,0.9411866822745502
7,20,Statistics,Math_Stats_tools,0.9424730142709588
7,41,Statistics,Statistics,0.9424730142709588
7,131,DSDA02_Stat,Edison,0.9424730142709588
7,125,DSDA03_HPACIDM,Edison,0.9425881583814565
7,253,Statistics,Machine_Learning,0.943448687920399
7,38,Stock_Trader,capital_market,0.9436727946671306
7,36,Stock_Exchange,capital_market,0.9436902236428565
7,110,FrascatiDefinitionofResearch,Research,0.9440213487743833
7,161,DSRM03_FDOR,Edison,0.9440213487743833
7,143,DSDA05_BDAP,Edison,0.9456985749717087
7,7,Master_of_Science,Education,0.9458161506757907
7,145,DSENG06_LORS,Edison,0.9459643013688576
7,221,DSDM04_DS,Edison,0.9461192436745157
7,215,DSENG05_DS1,Edison,0.9463706216054611
7,8,Master_degree,Education,0.9465610338495689
7,1,Master's_degree_in_Europe,Education,0.9471291037020144
7,122,DSDK06_ADFM,Edison,0.9479334855619421
7,45,Correlation,Statistics,0.9510425415398188
7,140,DSDA02_CoR,Edison,0.9510425415398188
7,252,Unsupervised_learning,Machine_Learning,0.9512791458998333
7,266,Unsupervised learning,Machine_Learning,0.9512791458998333
7,0,First_professional_degree,Education,0.9520946125566037
7,320,Java,Computer_Programming,0.9528699809572556
7,33,Financial_market_efficiency,capital_market,0.953067298080832
7,109,Primary_Research,Research,0.9534828147027721
7,173,DSDA03_BDTA,Edison,0.9551077425363407
7,98,RM2,Research,0.957697565118775
7,185,DSRM01_RM2,Edison,0.957697565118775
7,99,IsOperationsResearchReallyResearch,Research,0.9579297873429933
7,197,DSRM03_IORRR,Edison,0.9579297873429933
7,250,Viral_marketing,Advertising,0.9579455501583763
7,28,CapitalMarket,capital_market,0.958401620061832
7,49,Executive_search,Recuting,0.9597069732010568
7,268,Statistical method,Machine_Learning,0.9603077953343652
7,271,Statistical_method,Machine_Learning,0.9603077953343652
7,106,DSRM06_Contribute_research_objectives,Research,0.960409352129411
7,186,DSRM05_CRO,Edison,0.960409352129411
7,107,RMO,Research,0.9612233871573219
7,174,DSRM05_RMO,Edison,0.9612233871573219
7,244,MarketingMix,Advertising,0.9624632691410466
7,74,MATLAB,statistical_software,0.9628482375541914
7,236,MATLAB,Software,0.9628482375541914
7,29,Mathematical_finance,capital_market,0.9633032441302373
7,247,Interactive_advertising,Advertising,0.9637946804904589
7,12,Graduate_school,Education,0.9645494894993951
7,37,Finance,capital_market,0.9650392647308498
7,73,Octave,statistical_software,0.9665611284647729
7,235,Octave,Software,0.9665611284647729
7,9,European_Joint_Master_degree_in_Economics,Education,0.9666186701214211
7,15,Master_of_Laws,Education,0.9674387773728591
7,324,Scala,Computer_Programming,0.967821536474462
7,34,FinancialRegulation,capital_market,0.9694155316020914
7,308,Product,ProductDevelopment,0.9697751825585182
7,157,DSENG03_DM1,Edison,0.9698274754098569
7,195,DSDK03_SFM,Edison,0.9703449286763121
7,306,MarketPenetration,ProductDevelopment,0.970459887371927
7,42,6_BASIC_STATISTICAL_TOOLS,Statistics,0.9707685260776605
7,139,DSDA02_BST,Edison,0.9707685260776605
7,158,DSENG06_OR,Edison,0.9710362895297531
7,6,Doctor_of_Philosophy,Education,0.9713907436423119
7,96,ScholarlyMethod,Research,0.9727959386753583
7,26,Financial_economics,capital_market,0.9729579610796955
7,53,Employment_agencies,Recuting,0.9734986100790163
7,222,DSRM06_Ing,Edison,0.9738069904334966
7,296,Elasticsearch,Databases,0.9766727619316544
7,43,List_of_statistical_packages,Statistics,0.9777513087296931
7,142,DSDA02_LOSP,Edison,0.9777513087296931
7,22,List_of_statistical_packages,Math_Stats_tools,0.9779427480646498
7,69,List_of_statistical_packages,statistical_software,0.9779427480646498
7,102,RM3,Research,0.98018447512981
7,219,DSRM01_RM3,Edison,0.98018447512981
7,217,DSRM06_SM,Edison,0.9823225042139708
7,32,Financial_market,capital_market,0.983354188776925
7,100,Secondary_research,Research,0.9836287652245128
7,101,RM5,Research,0.9851207837201598
7,206,DSRM01_RM5,Edison,0.9851207837201598
7,51,Employment_websites,Recuting,0.98580897554641
7,27,FinanceCapitalism,capital_market,0.9864935769593756
7,21,Lists_of_mathematics_topics,Math_Stats_tools,0.988401234999223
7,104,RM4,Research,0.9885347695771571
7,128,DSRM01_RM4,Edison,0.9885347695771571
7,97,UndergraduateResearch,Research,0.9895431657736377
7,111,SS,Research,0.9907977310610359
7,116,DSRM02_SS,Edison,0.9907977310610359
7,11,Educational_specialist,Education,0.9912044938682011
7,47,Summary_Table_for_Statistical_Techniques,Statistics,0.9922098260838426
7,30,Financial_instrument,capital_market,0.992783646907115
7,307,Pro-innovation_bias,ProductDevelopment,0.9930043463561579
7,14,Professional_Science_Master's_Degree,Education,0.9948317724308299
7,108,RM1,Research,0.9950531652258474
7,115,DSRM06_RM1,Edison,0.9950531652258474
7,135,DSRM01_RM1,Edison,0.9950531652258474
7,243,Co-marketing,Advertising,0.9955467831659138
7,35,Investment_theory,capital_market,1.0
7,48,Executive_search_firms,Recuting,1.0
7,103,DSRM01_Scientific_method,Research,1.0
7,193,DSRM01_SM,Edison,1.0
7,248,Meta-advertising,Advertising,1.0
7,302,productDevelopment,ProductDevelopment,1.0
8,163,DSENG02_CS,Edison,0.518042521796003
8,191,DSDA06_SV,Edison,0.5500013695418403
8,332,Software_developer,Computer_Programming,0.5697203053858915
8,328,Software_architecture,Computer_Programming,0.5711445198291738
8,98,RM2,Research,0.5945349861335922
8,185,DSRM01_RM2,Edison,0.5945349861335922
8,66,SAS,statistical_software,0.5960611320149912
8,229,SAS,Software,0.5960611320149912
8,314,SAS,Computer_Programming,0.5960611320149912
8,106,DSRM06_Contribute_research_objectives,Research,0.599932044802846
8,186,DSRM05_CRO,Edison,0.599932044802846
8,113,DSDM05_DP,Edison,0.6002147973324037
8,221,DSDM04_DS,Edison,0.6066916695590543
8,104,RM4,Research,0.6114539554978516
8,128,DSRM01_RM4,Edison,0.6114539554978516
8,110,FrascatiDefinitionofResearch,Research,0.6304238026680467
8,161,DSRM03_FDOR,Edison,0.6304238026680467
8,83,Types_of_e-commerce,e-commerce,0.6360050277277347
8,81,E-commerce,e-commerce,0.636597138829158
8,79,Software,statistical_software,0.6436071001659469
8,241,Software,Software,0.6436071001659469
8,58,Hortonworks,Distributed,0.645687599813176
8,225,DSENG03_DM2,Edison,0.6491536102040116
8,217,DSRM06_SM,Edison,0.6559388479579171
8,112,DSDM05_FDDTDC,Edison,0.6579943412188896
8,202,DSDM02_DM,Edison,0.6592128501968084
8,171,DSDM01_DMP,Edison,0.6604322746685954
8,97,UndergraduateResearch,Research,0.6608960314839518
8,178,DSDK03_TSOMISFESATP,Edison,0.6647925219047803
8,330,Software_engineer,Computer_Programming,0.6713661025594585
8,168,DSDM03_DI4,Edison,0.6732725349167503
8,109,Primary_Research,Research,0.6803464403439543
8,102,RM3,Research,0.6836930847164684
8,219,DSRM01_RM3,Edison,0.6836930847164684
8,29,Mathematical_finance,capital_market,0.6894645356503115
8,99,IsOperationsResearchReallyResearch,Research,0.6904335985071037
8,197,DSRM03_IORRR,Edison,0.6904335985071037
8,94,Business Model,Business,0.6908229133108974
8,100,Secondary_research,Research,0.6922883135767066
8,141,DSRM06_TCAIPSIS,Edison,0.6994198924644293
8,305,CAD,ProductDevelopment,0.7011167216533377
8,160,DSENG02_CS2,Edison,0.702143275754
8,299,Data_warehouse,Databases,0.7049783304194122
8,114,DSDM06_EORDM,Edison,0.7052767032458778
8,154,DSDM04_DL,Edison,0.7096277664318855
8,85,Non-store_retailing,e-commerce,0.7112158893076577
8,137,DSDM02_DBM,Edison,0.7141016861327316
8,323,System_programming,Computer_Programming,0.7141053003612143
8,25,Financial_services,capital_market,0.7153948786393409
8,84,E-commerce_credit_card_payment_system,e-commerce,0.7171774672628553
8,315,Programmer,Computer_Programming,0.7183474037416011
8,105,DSRM02_Systematic_study,Research,0.7221160812331919
8,149,DSRM02_SysS,Edison,0.7221160812331919
8,209,DSDM02_DBMS-DM,Edison,0.7238622432922428
8,61,Grid_computing,Distributed,0.7251091955477657
8,62,Grid computing,Distributed,0.7251091955477657
8,122,DSDK06_ADFM,Edison,0.7274445651948171
8,89,Business,Business,0.7277467707101022
8,129,DSDM01_DMCP,Edison,0.7282604847412579
8,259,Information_Retrieval,Machine_Learning,0.7287144124228132
8,263,Information Retrieval,Machine_Learning,0.7287144124228132
8,19,_BiomedicalEngineers,Biomedical,0.7302732351002259
8,228,DSENG03_DM4,Edison,0.7312367366691828
8,101,RM5,Research,0.7321783662667064
8,206,DSRM01_RM5,Edison,0.7321783662667064
8,147,DSENG05_DS2,Edison,0.7321838948664399
8,76,KNIME,statistical_software,0.7331143466974975
8,238,KNIME,Software,0.7331143466974975
8,16,BiomedicalEngineers2,Biomedical,0.7346258661818914
8,162,DSDM01_DMSP,Edison,0.7353297244727187
8,245,Advertising,Advertising,0.736094518401903
8,82,Online_marketplace,e-commerce,0.7445414798533918
8,93,Service-oriented modeling,Business,0.7486534192616126
8,132,DSENG06_DB,Edison,0.7493714050429463
8,103,DSRM01_Scientific_method,Research,0.7501269215069195
8,193,DSRM01_SM,Edison,0.7501269215069195
8,108,RM1,Research,0.753305018679022
8,115,DSRM06_RM1,Edison,0.753305018679022
8,135,DSRM01_RM1,Edison,0.753305018679022
8,68,Git,statistical_software,0.754926160713737
8,231,Git,Software,0.754926160713737
8,67,JMP,statistical_software,0.7601761440546599
8,230,JMP,Software,0.7601761440546599
8,151,DSRM04_EAP,Edison,0.7606535893262707
8,43,List_of_statistical_packages,Statistics,0.761434577186714
8,142,DSDA02_LOSP,Edison,0.761434577186714
8,153,DSDA04_DB3,Edison,0.7619733195003469
8,308,Product,ProductDevelopment,0.7622648517605882
8,22,List_of_statistical_packages,Math_Stats_tools,0.7623294125675371
8,69,List_of_statistical_packages,statistical_software,0.7623294125675371
8,167,DSDK02_S,Edison,0.7634368306139884
8,220,DSENG03_DM5,Edison,0.7649363660999543
8,268,Statistical method,Machine_Learning,0.7656182078301327
8,271,Statistical_method,Machine_Learning,0.7656182078301327
8,6,Doctor_of_Philosophy,Education,0.7669761696273806
8,95,Corporate communication,Business,0.7674051932965624
8,216,DSDM03_DCAI,Edison,0.767770151569133
8,26,Financial_economics,capital_market,0.7697887598735058
8,121,DSDM06_ELACIPR,Edison,0.771485707581182
8,118,DSDA05_Platforms3,Edison,0.773567012745229
8,184,DSDM06_EIIDM,Edison,0.7739759694381779
8,71,Weka,statistical_software,0.7752091169483619
8,233,Weka,Software,0.7752091169483619
8,176,DSDM02_DM101,Edison,0.7782372790848706
8,199,DSDK03_TROFITSPADMP,Edison,0.7816012513097087
8,12,Graduate_school,Education,0.7849882542558252
8,333,R,Computer_Programming,0.7856267533370723
8,213,DSDA03_DA,Edison,0.786314038534881
8,37,Finance,capital_market,0.7868585740682259
8,309,RequirementsManagement,ProductDevelopment,0.7868950834256926
8,145,DSENG06_LORS,Edison,0.7888480042321657
8,194,DSDA03_AFDM,Edison,0.7890543792496982
8,157,DSENG03_DM1,Edison,0.7913629018729768
8,195,DSDK03_SFM,Edison,0.7921309321741382
8,34,FinancialRegulation,capital_market,0.7924163168322744
8,46,DataAnalytics,Statistics,0.7942408628803084
8,123,DSDA02_DA,Edison,0.7942408628803084
8,78,Mathematica,statistical_software,0.7965321912310531
8,240,Mathematica,Software,0.7965321912310531
8,251,Video_commerce,Advertising,0.7973347988072921
8,203,DSENG05_DS4,Edison,0.7985620823122999
8,27,FinanceCapitalism,capital_market,0.7988030177071708
8,150,DSENG03_ATFDM,Edison,0.801011607968755
8,24,Math_Stats_tools,Math_Stats_tools,0.8012036628413045
8,23,Mathematics,Math_Stats_tools,0.8014883860446336
8,130,DSDM01_DMC,Edison,0.8029298239823758
8,169,DSDK03_SM,Edison,0.8032044375878599
8,148,DSDM03_DI2,Edison,0.8033205855200055
8,181,DSRM06_DOI,Edison,0.8042962433763508
8,190,DSENG04_DB5,Edison,0.8069116414701794
8,279,DB5,Databases,0.8069116414701794
8,303,VirtualProductDevelopment,ProductDevelopment,0.8073449136951605
8,276,MySQL,Databases,0.8077282928391025
8,133,DSDA01_PA,Edison,0.8078317538635374
8,38,Stock_Trader,capital_market,0.8086627604631942
8,264,Predictive Analytics,Machine_Learning,0.8090555685655062
8,270,Predictive_Analytics,Machine_Learning,0.8090555685655062
8,277,RDBMS,Databases,0.8093537707590173
8,146,DSDK02_BDNPD,Edison,0.8102381875724531
8,31,Corporate_finance,capital_market,0.8113048105635959
8,295,Database,Databases,0.8130552616972275
8,152,DSENG02_CS1,Edison,0.8133081761311848
8,32,Financial_market,capital_market,0.8169190470102802
8,64,Hadoop,Distributed,0.8186435522913782
8,107,RMO,Research,0.8188781204209876
8,174,DSRM05_RMO,Edison,0.8188781204209876
8,218,DSENG03_DM3,Edison,0.8215580420254842
8,205,DSDM05_DFM,Edison,0.8225131664731585
8,56,Human_resource_consulting,Recuting,0.8231694058570558
8,201,DSDA04_DB,Edison,0.8244506266290814
8,262,Text mining,Machine_Learning,0.8249290453948344
8,265,Text_mining,Machine_Learning,0.8249290453948344
8,301,New_product_development,ProductDevelopment,0.8252136900571102
8,52,Human_resource_management,Recuting,0.8256147285762572
8,200,DSDM05_DS,Edison,0.8284070279956182
8,96,ScholarlyMethod,Research,0.830894097619272
8,260,Categorization,Machine_Learning,0.8311104319935477
8,138,DSDM01_WADMP,Edison,0.8313885855461822
8,312,Computer_Programming,Computer_Programming,0.8318890604440907
8,159,DSDM03_DI5,Edison,0.8322264106071321
8,284,Data_mart,Databases,0.8347453600341413
8,273,MongoDB,Databases,0.8376616198935961
8,275,ODBMS,Databases,0.8386365429977536
8,300,Time_toMarket,ProductDevelopment,0.8387877476834358
8,224,DSDA05_DV,Edison,0.8394467220124953
8,90,Business Intelligence,Business,0.8403626272511201
8,127,DSDA05_Platforms2,Edison,0.8416926027983711
8,257,Clustering,Machine_Learning,0.8425553465286937
8,30,Financial_instrument,capital_market,0.8434544951812549
8,215,DSENG05_DS1,Edison,0.8447624289181741
8,322,PHP,Computer_Programming,0.8469151091676512
8,158,DSENG06_OR,Edison,0.8469469636601504
8,170,DSDK02_HTDBDCS,Edison,0.8481975919496174
8,223,DSDK04_AS,Edison,0.8492569567031722
8,143,DSDA05_BDAP,Edison,0.8496164948776243
8,7,Master_of_Science,Education,0.8501455594272672
8,258,Machine learning,Machine_Learning,0.8503550777502664
8,261,Machine_learning,Machine_Learning,0.8503550777502664
8,28,CapitalMarket,capital_market,0.8507723523283328
8,91,Job interview,Business,0.8533240078560766
8,88,Business Management,Business,0.8568042617504796
8,33,Financial_market_efficiency,capital_market,0.8584564585946094
8,327,Python,Computer_Programming,0.8584875928350296
8,204,DSENG01_EP,Edison,0.8594560660659696
8,286,IBM_DB2,Databases,0.8605015863130302
8,59,Cloud_Computing,Distributed,0.8614448119609112
8,65,Cloud Computing,Distributed,0.8614448119609112
8,249,Television_advertisement,Advertising,0.8629581672597051
8,124,DSENG04_DB2,Edison,0.8644542142073572
8,274,DB2,Databases,0.8644542142073572
8,57,Distributed Computing,Distributed,0.8672759555622619
8,63,Distributed_Computing,Distributed,0.8672759555622619
8,55,Onboarding,Recuting,0.8679353313516176
8,49,Executive_search,Recuting,0.8682187652729785
8,297,PostgreSQL,Databases,0.8687930180680905
8,269,Classification,Machine_Learning,0.8691325538641648
8,18,BiomedicalEngineering,Biomedical,0.870151920942345
8,36,Stock_Exchange,capital_market,0.8709899345411117
8,175,DSDA04_DB1,Edison,0.8721194516833827
8,120,DSENG04_DB6,Edison,0.8726346103875454
8,280,DB6,Databases,0.8726346103875454
8,256,Data_mining,Machine_Learning,0.872756772920543
8,267,Data mining,Machine_Learning,0.872756772920543
8,60,Cloudera,Distributed,0.873120659873549
8,75,GATE,statistical_software,0.8740901823308782
8,237,GATE,Software,0.8740901823308782
8,180,DSDA05_Platforms1,Edison,0.8746669395236022
8,296,Elasticsearch,Databases,0.8750142619478553
8,282,MonetDB,Databases,0.875636109759926
8,70,SPSS,statistical_software,0.8767417659727378
8,232,SPSS,Software,0.8767417659727378
8,183,DSDA05_CDV,Edison,0.8768942189797354
8,164,DSDA04_DB4,Edison,0.8776309205313142
8,226,DSDM04_DG,Edison,0.8806921729615537
8,39,A_Guide_to_Statistical_Techniques,Statistics,0.8812271120039816
8,35,Investment_theory,capital_market,0.8813175352217886
8,86,Digital_economy,e-commerce,0.8818652638198874
8,302,productDevelopment,ProductDevelopment,0.8840403648685295
8,119,DSDK01_BPD,Edison,0.8843466686236876
8,281,Database2,Databases,0.8874082011392619
8,244,MarketingMix,Advertising,0.8887573094059369
8,210,DSDM03_DI3,Edison,0.8897740292581645
8,187,DSENG02_CS3,Edison,0.8913349088384861
8,246,Mobile_marketing,Advertising,0.8914794919165326
8,177,DSRM04_DSAAP,Edison,0.8924286475212
8,173,DSDA03_BDTA,Edison,0.8926460032350552
8,287,CouchDB,Databases,0.8929206304010142
8,54,Employment_agency,Recuting,0.8929381508208278
8,222,DSRM06_Ing,Edison,0.8931482385730132
8,189,DSDM01_DM,Edison,0.8941878528352665
8,92,Project management,Business,0.8948908053550437
8,17,Biomedicine,Biomedical,0.8957884128428576
8,212,DSENG04_DB4,Edison,0.8976124378116624
8,283,DB4,Databases,0.8976124378116624
8,1,Master's_degree_in_Europe,Education,0.8983700336489188
8,208,DSDA04_DB2,Edison,0.8990748452477113
8,304,Product_life-CycleManagement,ProductDevelopment,0.8994699642043953
8,5,Terminal_degree,Education,0.9004331931925629
8,243,Co-marketing,Advertising,0.901392694299831
8,40,StatisticalTechniques,Statistics,0.9024075570650174
8,155,DSDA02_ST,Edison,0.9024075570650174
8,87,Business communication,Business,0.9039199099160902
8,198,DSDK01_BP,Edison,0.9041964874915233
8,15,Master_of_Laws,Education,0.9043231771738204
8,134,DSDK04_HBDATCHYO,Edison,0.9071240827533629
8,44,Important_Methods_For_Statistical_Data_Analysis,Statistics,0.9080046452865249
8,136,DSDA02_IMFSDA,Edison,0.9080046452865249
8,214,DSENG04_RNRD,Edison,0.9096881420753165
8,292,DSENG04_Relational_non-relational_databases,Databases,0.9096881420753165
8,306,MarketPenetration,ProductDevelopment,0.9113240099566456
8,313,pbdR,Computer_Programming,0.9177549867985971
8,73,Octave,statistical_software,0.9182152431649373
8,235,Octave,Software,0.9182152431649373
8,227,DSENG05_SSM,Edison,0.9184614747104134
8,8,Master_degree,Education,0.918679533074528
8,272,Apache_HBase,Databases,0.9195553639509959
8,298,db,Databases,0.9216703267953882
8,291,NoSQL,Databases,0.9223957620031102
8,172,DSENG04_DB1,Edison,0.9224984008460632
8,278,DB1,Databases,0.9224984008460632
8,117,DSENG06_AA,Edison,0.9228716610784378
8,144,DSDK06_Marketing,Edison,0.9228861863005291
8,247,Interactive_advertising,Advertising,0.9250156515833404
8,310,C--,Computer_Programming,0.9252698425244487
8,20,Statistics,Math_Stats_tools,0.9265130177436518
8,41,Statistics,Statistics,0.9265130177436518
8,131,DSDA02_Stat,Edison,0.9265130177436518
8,182,DSDM04_DA,Edison,0.9272645558457442
8,192,DSDM06_IPRIDM,Edison,0.9290908146166394
8,290,SPARQL,Databases,0.9291819978871553
8,45,Correlation,Statistics,0.930378546840036
8,140,DSDA02_CoR,Edison,0.930378546840036
8,253,Statistics,Machine_Learning,0.9314554858530637
8,74,MATLAB,statistical_software,0.931629758779459
8,236,MATLAB,Software,0.931629758779459
8,326,Julia,Computer_Programming,0.9317031041128667
8,311,C,Computer_Programming,0.9323201891247754
8,316,C_Sharp,Computer_Programming,0.9325642371057943
8,13,Master_of_Engineering,Education,0.9339124151821666
8,285,Microsoft_SQL_Server,Databases,0.9348311014202558
8,319,C++,Computer_Programming,0.93484172622499
8,0,First_professional_degree,Education,0.9359693931466906
8,307,Pro-innovation_bias,ProductDevelopment,0.9375099768073233
8,252,Unsupervised_learning,Machine_Learning,0.9377112848459571
8,266,Unsupervised learning,Machine_Learning,0.9377112848459571
8,317,Objective-C,Computer_Programming,0.9377204512258714
8,188,DSRM04_SPIA,Edison,0.9385126505721313
8,9,European_Joint_Master_degree_in_Economics,Education,0.940623752498961
8,179,DSDK04_ASI,Edison,0.9409485227441423
8,50,Personality-job_fit_theory,Recuting,0.9421219310071209
8,2,Bachelor_degree,Education,0.9423676779162011
8,329,JavaScript,Computer_Programming,0.9449488084562595
8,293,database,Databases,0.9450427345726689
8,125,DSDA03_HPACIDM,Edison,0.94788919185298
8,156,DSDK05_ACD,Edison,0.9480065337461464
8,254,Supervised_Learning,Machine_Learning,0.9483388137420001
8,255,Supervised Learning,Machine_Learning,0.9483388137420001
8,211,DSDA06_DVT,Edison,0.9495521762640156
8,334,Computer_network,Computer_Programming,0.9528439441602005
8,321,Objective-J,Computer_Programming,0.9533190589275365
8,126,DSENG04_DB3,Edison,0.9544983172468616
8,294,DB3,Databases,0.9544983172468616
8,324,Scala,Computer_Programming,0.9545658800034509
8,250,Viral_marketing,Advertising,0.9550473039516623
8,318,Ruby,Computer_Programming,0.956439656127001
8,72,Oracle Data Mining,statistical_software,0.9565014433823413
8,80,Oracle_Data_Mining,statistical_software,0.9565014433823413
8,234,Oracle Data Mining,Software,0.9565014433823413
8,242,Oracle_Data_Mining,Software,0.9565014433823413
8,10,Engineer_degree,Education,0.958225549835759
8,14,Professional_Science_Master's_Degree,Education,0.9614743237124732
8,77,Waffles,statistical_software,0.9617931377072435
8,239,Waffles,Software,0.9617931377072435
8,320,Java,Computer_Programming,0.9625204195168099
8,248,Meta-advertising,Advertising,0.9656024145735757
8,325,PL-SQL,Computer_Programming,0.9700988565942741
8,288,Oracle_Database,Databases,0.9701805403692864
8,207,DSENG06_BDAA,Edison,0.9718905623494992
8,11,Educational_specialist,Education,0.9724016582328394
8,21,Lists_of_mathematics_topics,Math_Stats_tools,0.9788513896483447
8,165,DSDM03_DI1,Edison,0.9788679244979076
8,196,DSDA04_DI,Edison,0.9793173342786432
8,4,Chemistry_Quality_Eurolabels,Education,0.9816691217452533
8,42,6_BASIC_STATISTICAL_TOOLS,Statistics,0.9867599077254465
8,139,DSDA02_BST,Edison,0.9867599077254465
8,47,Summary_Table_for_Statistical_Techniques,Statistics,0.9877245532990958
8,331,Transact-SQL,Computer_Programming,0.9888190388608971
8,111,SS,Research,0.9921256135599615
8,116,DSRM02_SS,Edison,0.9921256135599615
8,3,Master_of_Applied_Science,Education,1.0
8,48,Executive_search_firms,Recuting,1.0
8,51,Employment_websites,Recuting,1.0
8,53,Employment_agencies,Recuting,1.0
8,166,DSRM04_SP,Edison,1.0
8,289,Databases,Databases,1.0
9,250,Viral_marketing,Advertising,0.39488248373840396
9,60,Cloudera,Distributed,0.46310903161935624
9,144,DSDK06_Marketing,Edison,0.49027742304574395
9,243,Co-marketing,Advertising,0.497577555964106
9,246,Mobile_marketing,Advertising,0.4987993727675609
9,4,Chemistry_Quality_Eurolabels,Education,0.524787766503566
9,122,DSDK06_ADFM,Edison,0.5500246227177981
9,244,MarketingMix,Advertising,0.620244446868421
9,181,DSRM06_DOI,Edison,0.6363906766874383
9,222,DSRM06_Ing,Edison,0.652953929875665
9,247,Interactive_advertising,Advertising,0.672618048605307
9,245,Advertising,Advertising,0.6775834044828986
9,46,DataAnalytics,Statistics,0.6863480061332524
9,123,DSDA02_DA,Edison,0.6863480061332524
9,154,DSDM04_DL,Edison,0.699438075884959
9,95,Corporate communication,Business,0.7294123878756704
9,50,Personality-job_fit_theory,Recuting,0.7315854039779948
9,321,Objective-J,Computer_Programming,0.7315991420407886
9,167,DSDK02_S,Edison,0.7319091018268984
9,66,SAS,statistical_software,0.7392737130357113
9,229,SAS,Software,0.7392737130357113
9,314,SAS,Computer_Programming,0.7392737130357113
9,151,DSRM04_EAP,Edison,0.7440981641526458
9,224,DSDA05_DV,Edison,0.7579526660500107
9,169,DSDK03_SM,Edison,0.7689089052051125
9,334,Computer_network,Computer_Programming,0.7708298371841457
9,177,DSRM04_DSAAP,Edison,0.7749819278733475
9,257,Clustering,Machine_Learning,0.7874315684698329
9,146,DSDK02_BDNPD,Edison,0.7885530774270996
9,262,Text mining,Machine_Learning,0.7902122249696606
9,265,Text_mining,Machine_Learning,0.7902122249696606
9,86,Digital_economy,e-commerce,0.795793107586354
9,141,DSRM06_TCAIPSIS,Edison,0.7959745772658571
9,120,DSENG04_DB6,Edison,0.7964505501884067
9,280,DB6,Databases,0.7964505501884067
9,173,DSDA03_BDTA,Edison,0.7998252025493154
9,87,Business communication,Business,0.8060671231016727
9,81,E-commerce,e-commerce,0.8095696396167835
9,251,Video_commerce,Advertising,0.8097147557072804
9,328,Software_architecture,Computer_Programming,0.8162778737683994
9,134,DSDK04_HBDATCHYO,Edison,0.823861140391741
9,305,CAD,ProductDevelopment,0.8274618718043296
9,264,Predictive Analytics,Machine_Learning,0.8291692487316842
9,270,Predictive_Analytics,Machine_Learning,0.8291692487316842
9,164,DSDA04_DB4,Edison,0.8300737822592323
9,133,DSDA01_PA,Edison,0.8306313773469641
9,70,SPSS,statistical_software,0.8322652015767237
9,232,SPSS,Software,0.8322652015767237
9,259,Information_Retrieval,Machine_Learning,0.8360602058888155
9,263,Information Retrieval,Machine_Learning,0.8360602058888155
9,68,Git,statistical_software,0.8405115556039442
9,231,Git,Software,0.8405115556039442
9,220,DSENG03_DM5,Edison,0.8409977399294315
9,9,European_Joint_Master_degree_in_Economics,Education,0.8425866769446755
9,317,Objective-C,Computer_Programming,0.8428387245003993
9,117,DSENG06_AA,Edison,0.8432690780969303
9,249,Television_advertisement,Advertising,0.8455426488083233
9,67,JMP,statistical_software,0.8456013246605258
9,230,JMP,Software,0.8456013246605258
9,269,Classification,Machine_Learning,0.846620049524418
9,148,DSDM03_DI2,Edison,0.8472690384712664
9,277,RDBMS,Databases,0.8501092615942064
9,125,DSDA03_HPACIDM,Edison,0.8501436711824054
9,55,Onboarding,Recuting,0.8502674758057192
9,89,Business,Business,0.8513249670202184
9,76,KNIME,statistical_software,0.8515377876780933
9,238,KNIME,Software,0.8515377876780933
9,40,StatisticalTechniques,Statistics,0.8525915423938684
9,155,DSDA02_ST,Edison,0.8525915423938684
9,208,DSDA04_DB2,Edison,0.8602685158673811
9,83,Types_of_e-commerce,e-commerce,0.8606410086446429
9,309,RequirementsManagement,ProductDevelopment,0.8626461710373892
9,118,DSDA05_Platforms3,Edison,0.8638183561012799
9,130,DSDM01_DMC,Edison,0.8658274895577949
9,301,New_product_development,ProductDevelopment,0.8658363024291504
9,26,Financial_economics,capital_market,0.8672608744493384
9,180,DSDA05_Platforms1,Edison,0.8701415003368136
9,184,DSDM06_EIIDM,Edison,0.8705290324744819
9,85,Non-store_retailing,e-commerce,0.8730160129699344
9,25,Financial_services,capital_market,0.8738031016083639
9,64,Hadoop,Distributed,0.8739991601732705
9,225,DSENG03_DM2,Edison,0.8742175444319431
9,91,Job interview,Business,0.8744115735706938
9,5,Terminal_degree,Education,0.8745046501430953
9,191,DSDA06_SV,Edison,0.8745238621920921
9,196,DSDA04_DI,Edison,0.8752917385185572
9,113,DSDM05_DP,Edison,0.8771797440719865
9,333,R,Computer_Programming,0.8785796015530483
9,124,DSENG04_DB2,Edison,0.8790564330019008
9,274,DB2,Databases,0.8790564330019008
9,105,DSRM02_Systematic_study,Research,0.8795728469102346
9,149,DSRM02_SysS,Edison,0.8795728469102346
9,19,_BiomedicalEngineers,Biomedical,0.8801321173922513
9,58,Hortonworks,Distributed,0.8812669469042193
9,315,Programmer,Computer_Programming,0.8820110867837504
9,166,DSRM04_SP,Edison,0.8823239599235788
9,213,DSDA03_DA,Edison,0.8826924085565286
9,23,Mathematics,Math_Stats_tools,0.8840552066191346
9,163,DSENG02_CS,Edison,0.8840704758959356
9,94,Business Model,Business,0.8851832392399462
9,153,DSDA04_DB3,Edison,0.887416222582406
9,195,DSDK03_SFM,Edison,0.8876377292964402
9,175,DSDA04_DB1,Edison,0.8881347954768074
9,194,DSDA03_AFDM,Edison,0.8885544069069253
9,207,DSENG06_BDAA,Edison,0.8891694774641463
9,61,Grid_computing,Distributed,0.8892632333999796
9,62,Grid computing,Distributed,0.8892632333999796
9,147,DSENG05_DS2,Edison,0.8894899041397761
9,187,DSENG02_CS3,Edison,0.8897674739441648
9,152,DSENG02_CS1,Edison,0.889954299567916
9,43,List_of_statistical_packages,Statistics,0.8911658306121886
9,142,DSDA02_LOSP,Edison,0.8911658306121886
9,14,Professional_Science_Master's_Degree,Education,0.8921007032285427
9,22,List_of_statistical_packages,Math_Stats_tools,0.8921022965262969
9,69,List_of_statistical_packages,statistical_software,0.8921022965262969
9,16,BiomedicalEngineers2,Biomedical,0.8921911007093793
9,137,DSDM02_DBM,Edison,0.8925359578489276
9,12,Graduate_school,Education,0.8925369345458085
9,189,DSDM01_DM,Edison,0.8928651342387659
9,286,IBM_DB2,Databases,0.8930318471432246
9,24,Math_Stats_tools,Math_Stats_tools,0.8934561866257452
9,330,Software_engineer,Computer_Programming,0.8941019262679093
9,112,DSDM05_FDDTDC,Edison,0.8945646325061724
9,47,Summary_Table_for_Statistical_Techniques,Statistics,0.8946511996791267
9,127,DSDA05_Platforms2,Edison,0.8958483989980269
9,284,Data_mart,Databases,0.896096459146756
9,273,MongoDB,Databases,0.8983697984791112
9,78,Mathematica,statistical_software,0.8984823872413503
9,240,Mathematica,Software,0.8984823872413503
9,132,DSENG06_DB,Edison,0.8989571832824709
9,212,DSENG04_DB4,Edison,0.9002384086444116
9,283,DB4,Databases,0.9002384086444116
9,297,PostgreSQL,Databases,0.9010175440896524
9,88,Business Management,Business,0.9010186700917239
9,165,DSDM03_DI1,Edison,0.9014169114250246
9,287,CouchDB,Databases,0.9021750346479707
9,204,DSENG01_EP,Edison,0.9022893326562226
9,79,Software,statistical_software,0.9024838863309776
9,241,Software,Software,0.9024838863309776
9,170,DSDK02_HTDBDCS,Edison,0.9032022488034398
9,143,DSDA05_BDAP,Edison,0.9035319990038473
9,332,Software_developer,Computer_Programming,0.9051147313617249
9,90,Business Intelligence,Business,0.9056022294907483
9,327,Python,Computer_Programming,0.9059851247389387
9,93,Service-oriented modeling,Business,0.9070886790863285
9,171,DSDM01_DMP,Edison,0.9071058342197066
9,221,DSDM04_DS,Edison,0.9080498428179178
9,299,Data_warehouse,Databases,0.9103358192351773
9,129,DSDM01_DMCP,Edison,0.910840515338536
9,145,DSENG06_LORS,Edison,0.9110778954011949
9,39,A_Guide_to_Statistical_Techniques,Statistics,0.9111499677504318
9,176,DSDM02_DM101,Edison,0.9111998111521818
9,160,DSENG02_CS2,Edison,0.9113563461768514
9,322,PHP,Computer_Programming,0.911488918216738
9,201,DSDA04_DB,Edison,0.912369793870367
9,200,DSDM05_DS,Edison,0.9129496469694267
9,282,MonetDB,Databases,0.91312284199673
9,17,Biomedicine,Biomedical,0.9146304714825096
9,27,FinanceCapitalism,capital_market,0.9168223863615836
9,57,Distributed Computing,Distributed,0.9169984307192438
9,63,Distributed_Computing,Distributed,0.9169984307192438
9,256,Data_mining,Machine_Learning,0.9173087537354051
9,267,Data mining,Machine_Learning,0.9173087537354051
9,20,Statistics,Math_Stats_tools,0.9174912037043096
9,41,Statistics,Statistics,0.9174912037043096
9,131,DSDA02_Stat,Edison,0.9174912037043096
9,290,SPARQL,Databases,0.9178262889470052
9,162,DSDM01_DMSP,Edison,0.9183714766879001
9,253,Statistics,Machine_Learning,0.9188905757967727
9,211,DSDA06_DVT,Edison,0.91936454895574
9,7,Master_of_Science,Education,0.9204170674716632
9,75,GATE,statistical_software,0.9204287127907002
9,237,GATE,Software,0.9204287127907002
9,156,DSDK05_ACD,Edison,0.9208511254591683
9,56,Human_resource_consulting,Recuting,0.9212247491158726
9,216,DSDM03_DCAI,Edison,0.9225946242275324
9,312,Computer_Programming,Computer_Programming,0.9226266626930566
9,38,Stock_Trader,capital_market,0.9228162362611513
9,210,DSDM03_DI3,Edison,0.9233165911202473
9,37,Finance,capital_market,0.9236217194520643
9,214,DSENG04_RNRD,Edison,0.9246953655683481
9,292,DSENG04_Relational_non-relational_databases,Databases,0.9246953655683481
9,276,MySQL,Databases,0.9247549724081101
9,52,Human_resource_management,Recuting,0.924848600268042
9,272,Apache_HBase,Databases,0.9262619881135397
9,311,C,Computer_Programming,0.9267465413669541
9,71,Weka,statistical_software,0.9270951826917678
9,233,Weka,Software,0.9270951826917678
9,258,Machine learning,Machine_Learning,0.9276500171460238
9,261,Machine_learning,Machine_Learning,0.9276500171460238
9,178,DSDK03_TSOMISFESATP,Edison,0.9277445153946801
9,35,Investment_theory,capital_market,0.9277745392949481
9,252,Unsupervised_learning,Machine_Learning,0.92828419077369
9,266,Unsupervised learning,Machine_Learning,0.92828419077369
9,1,Master's_degree_in_Europe,Education,0.9305629588123799
9,304,Product_life-CycleManagement,ProductDevelopment,0.9306263380176151
9,202,DSDM02_DM,Edison,0.9311323524744378
9,281,Database2,Databases,0.9312111159653702
9,10,Engineer_degree,Education,0.9317563248794715
9,326,Julia,Computer_Programming,0.9326381484188492
9,109,Primary_Research,Research,0.9327535753425109
9,72,Oracle Data Mining,statistical_software,0.9358484789480445
9,80,Oracle_Data_Mining,statistical_software,0.9358484789480445
9,234,Oracle Data Mining,Software,0.9358484789480445
9,242,Oracle_Data_Mining,Software,0.9358484789480445
9,316,C_Sharp,Computer_Programming,0.9360660889585924
9,2,Bachelor_degree,Education,0.9360802284616802
9,44,Important_Methods_For_Statistical_Data_Analysis,Statistics,0.9364093444816567
9,136,DSDA02_IMFSDA,Edison,0.9364093444816567
9,6,Doctor_of_Philosophy,Education,0.9366748672691545
9,329,JavaScript,Computer_Programming,0.9372166270407072
9,209,DSDM02_DBMS-DM,Edison,0.9374394211371461
9,303,VirtualProductDevelopment,ProductDevelopment,0.9390995481125083
9,183,DSDA05_CDV,Edison,0.9412594629047615
9,313,pbdR,Computer_Programming,0.9412848005910095
9,223,DSDK04_AS,Edison,0.9412872931084628
9,168,DSDM03_DI4,Edison,0.9418215617416709
9,101,RM5,Research,0.9418442925089809
9,206,DSRM01_RM5,Edison,0.9418442925089809
9,96,ScholarlyMethod,Research,0.94202322909653
9,198,DSDK01_BP,Edison,0.942250324194423
9,325,PL-SQL,Computer_Programming,0.9425280210815972
9,179,DSDK04_ASI,Edison,0.9442647828563895
9,126,DSENG04_DB3,Edison,0.9444093340591729
9,294,DB3,Databases,0.9444093340591729
9,42,6_BASIC_STATISTICAL_TOOLS,Statistics,0.945513925753378
9,139,DSDA02_BST,Edison,0.945513925753378
9,102,RM3,Research,0.946176756233539
9,219,DSRM01_RM3,Edison,0.946176756233539
9,217,DSRM06_SM,Edison,0.9462353945486949
9,45,Correlation,Statistics,0.9462399170975925
9,140,DSDA02_CoR,Edison,0.9462399170975925
9,29,Mathematical_finance,capital_market,0.9463212407927672
9,323,System_programming,Computer_Programming,0.9475630200923195
9,54,Employment_agency,Recuting,0.9476051621229669
9,31,Corporate_finance,capital_market,0.9476409283737343
9,285,Microsoft_SQL_Server,Databases,0.9485687589554278
9,318,Ruby,Computer_Programming,0.9486235456122608
9,110,FrascatiDefinitionofResearch,Research,0.949503195014848
9,161,DSRM03_FDOR,Edison,0.949503195014848
9,295,Database,Databases,0.9500568221933088
9,8,Master_degree,Education,0.9504418573344092
9,98,RM2,Research,0.9507563924306653
9,185,DSRM01_RM2,Edison,0.9507563924306653
9,226,DSDM04_DG,Edison,0.9510326046064368
9,150,DSENG03_ATFDM,Edison,0.9512888376354908
9,77,Waffles,statistical_software,0.9522384565145244
9,239,Waffles,Software,0.9522384565145244
9,49,Executive_search,Recuting,0.9526643783311197
9,74,MATLAB,statistical_software,0.9527153254722364
9,236,MATLAB,Software,0.9527153254722364
9,53,Employment_agencies,Recuting,0.952720157097812
9,73,Octave,statistical_software,0.9527554347325582
9,235,Octave,Software,0.9527554347325582
9,228,DSENG03_DM4,Edison,0.9528018520451622
9,324,Scala,Computer_Programming,0.952886718879791
9,106,DSRM06_Contribute_research_objectives,Research,0.9532333867360671
9,186,DSRM05_CRO,Edison,0.9532333867360671
9,103,DSRM01_Scientific_method,Research,0.9541388902185629
9,193,DSRM01_SM,Edison,0.9541388902185629
9,104,RM4,Research,0.9546177335338659
9,128,DSRM01_RM4,Edison,0.9546177335338659
9,18,BiomedicalEngineering,Biomedical,0.9546204894694976
9,36,Stock_Exchange,capital_market,0.9554974455700941
9,138,DSDM01_WADMP,Edison,0.9562706072527892
9,188,DSRM04_SPIA,Edison,0.9566531507522169
9,182,DSDM04_DA,Edison,0.9566587094330037
9,260,Categorization,Machine_Learning,0.9567238373230968
9,310,C--,Computer_Programming,0.957483790746685
9,190,DSENG04_DB5,Edison,0.9584174319658129
9,279,DB5,Databases,0.9584174319658129
9,119,DSDK01_BPD,Edison,0.9589894982446061
9,308,Product,ProductDevelopment,0.9596612412077041
9,99,IsOperationsResearchReallyResearch,Research,0.9599030467868164
9,197,DSRM03_IORRR,Edison,0.9599030467868164
9,59,Cloud_Computing,Distributed,0.9599207046954238
9,65,Cloud Computing,Distributed,0.9599207046954238
9,205,DSDM05_DFM,Edison,0.9600413966248315
9,218,DSENG03_DM3,Edison,0.9600662526744812
9,158,DSENG06_OR,Edison,0.9602257333788545
9,268,Statistical method,Machine_Learning,0.9610614070015532
9,271,Statistical_method,Machine_Learning,0.9610614070015532
9,28,CapitalMarket,capital_market,0.961286886803812
9,254,Supervised_Learning,Machine_Learning,0.9629609985773108
9,255,Supervised Learning,Machine_Learning,0.9629609985773108
9,319,C++,Computer_Programming,0.9632220987263912
9,291,NoSQL,Databases,0.9638748031191537
9,172,DSENG04_DB1,Edison,0.9639225820614512
9,278,DB1,Databases,0.9639225820614512
9,306,MarketPenetration,ProductDevelopment,0.9650195375781077
9,15,Master_of_Laws,Education,0.966099218929859
9,108,RM1,Research,0.966294143157004
9,115,DSRM06_RM1,Edison,0.966294143157004
9,135,DSRM01_RM1,Edison,0.966294143157004
9,0,First_professional_degree,Education,0.9669822751663996
9,331,Transact-SQL,Computer_Programming,0.9678298554245238
9,92,Project management,Business,0.968008629560356
9,157,DSENG03_DM1,Edison,0.968194749231014
9,111,SS,Research,0.9696596375100451
9,116,DSRM02_SS,Edison,0.9696596375100451
9,296,Elasticsearch,Databases,0.9716365473134932
9,34,FinancialRegulation,capital_market,0.9724348272673773
9,3,Master_of_Applied_Science,Education,0.97358492239814
9,121,DSDM06_ELACIPR,Edison,0.9739758925139903
9,298,db,Databases,0.9750144638943382
9,215,DSENG05_DS1,Edison,0.9757912959880402
9,275,ODBMS,Databases,0.9765243593769712
9,13,Master_of_Engineering,Education,0.9766119452943557
9,288,Oracle_Database,Databases,0.9766960437342402
9,97,UndergraduateResearch,Research,0.9770200776918301
9,227,DSENG05_SSM,Edison,0.9777868234001551
9,320,Java,Computer_Programming,0.9779008352409716
9,192,DSDM06_IPRIDM,Edison,0.9829606593800184
9,248,Meta-advertising,Advertising,0.983667159015166
9,199,DSDK03_TROFITSPADMP,Edison,0.9839301178676927
9,32,Financial_market,capital_market,0.9843545794084491
9,107,RMO,Research,0.9847124202864768
9,174,DSRM05_RMO,Edison,0.9847124202864768
9,84,E-commerce_credit_card_payment_system,e-commerce,0.9847905669419024
9,100,Secondary_research,Research,0.98573107097745
9,159,DSDM03_DI5,Edison,0.9879108761675438
9,114,DSDM06_EORDM,Edison,0.988765436194842
9,21,Lists_of_mathematics_topics,Math_Stats_tools,0.9894409578414017
9,33,Financial_market_efficiency,capital_market,0.9901844266783744
9,11,Educational_specialist,Education,0.9939637917371786
9,82,Online_marketplace,e-commerce,0.9945140193669768
9,30,Financial_instrument,capital_market,1.0
9,48,Executive_search_firms,Recuting,1.0
9,51,Employment_websites,Recuting,1.0
9,203,DSENG05_DS4,Edison,1.0
9,289,Databases,Databases,1.0
9,293,database,Databases,1.0
9,300,Time_toMarket,ProductDevelopment,1.0
9,302,productDevelopment,ProductDevelopment,1.0
9,307,Pro-innovation_bias,ProductDevelopment,1.0
