5,68,Git,statistical_software,0.6493002725804048
5,144,Git,Software,0.6493002725804048
5,140,DSDA06,Edison,0.652463650802033
5,72,Oracle Data Mining,statistical_software,0.6563623570791869
5,80,Oracle_Data_Mining,statistical_software,0.6563623570791869
5,147,Oracle Data Mining,Software,0.6563623570791869
5,155,Oracle_Data_Mining,Software,0.6563623570791869
5,40,StatisticalTechniques,Statistics,0.659059305564372
5,107,RMO,Research,0.6593444587480128
5,192,DB5,Databases,0.6602341614972986
5,102,RM3,Research,0.6606924104407419
5,87,Business communication,Business,0.6612123310486931
5,120,DSRM05,Edison,0.6621089978335382
5,221,Product,ProductDevelopment,0.6621442461499149
5,26,Financial_economics,capital_market,0.6648301923921274
5,138,DSRM01,Edison,0.6689805426341077
5,98,RM2,Research,0.669639626600645
5,61,Grid_computing,Distributed,0.6717613251357051
5,62,Grid computing,Distributed,0.6717613251357051
5,106,DSRM06_Contribute_research_objectives,Research,0.6733997928449584
5,136,DSDM01,Edison,0.6755728775085249
5,23,Mathematics,Math_Stats_tools,0.6784457044013887
5,56,Human_resource_consulting,Recuting,0.680137159110376
5,166,Statistics,Machine_Learning,0.68107348584899
5,83,Types_of_e-commerce,e-commerce,0.6832144958536437
5,137,DSENG04,Edison,0.6836801147286813
5,46,DataAnalytics,Statistics,0.6855584782019766
5,18,BiomedicalEngineering,Biomedical,0.686353612440495
5,236,System_programming,Computer_Programming,0.6871975954477799
5,113,DSRM02,Edison,0.6882614724136735
5,235,PHP,Computer_Programming,0.690800548274358
5,243,Software_engineer,Computer_Programming,0.6910970452047136
5,17,Biomedicine,Biomedical,0.6911905937134164
5,232,C++,Computer_Programming,0.6930079546714204
5,91,Job interview,Business,0.695217563933406
5,132,DSENG02,Edison,0.7005697371813409
5,95,Corporate communication,Business,0.7026841549903775
5,130,DSENG06,Edison,0.7038545413599755
5,160,Interactive_advertising,Advertising,0.703879309917254
5,185,Apache_HBase,Databases,0.7091434331531112
5,201,Oracle_Database,Databases,0.7113120742790018
5,25,Financial_services,capital_market,0.7134362657423383
5,101,RM5,Research,0.7145845625642144
5,224,C,Computer_Programming,0.7190452077934542
5,200,CouchDB,Databases,0.7194612331028352
5,237,Scala,Computer_Programming,0.7228349711835438
5,28,CapitalMarket,capital_market,0.7251154645365332
5,86,Digital_economy,e-commerce,0.7329834458370141
5,103,DSRM01_Scientific_method,Research,0.735996626295117
5,33,Financial_market_efficiency,capital_market,0.7365050226868861
5,210,PostgreSQL,Databases,0.7371462106044446
5,45,Correlation,Statistics,0.7389408583027675
5,20,Statistics,Math_Stats_tools,0.7405545657314623
5,41,Statistics,Statistics,0.7405545657314623
5,181,Statistical method,Machine_Learning,0.7459334802406072
5,184,Statistical_method,Machine_Learning,0.7459334802406072
5,218,CAD,ProductDevelopment,0.746486750187737
5,186,MongoDB,Databases,0.7499156736326924
5,162,Television_advertisement,Advertising,0.7504220884259859
5,111,SS,Research,0.7522314138470221
5,226,pbdR,Computer_Programming,0.7580443599254775
5,233,Java,Computer_Programming,0.7585124341981785
5,78,Mathematica,statistical_software,0.7597568472748518
5,153,Mathematica,Software,0.7597568472748518
5,191,DB1,Databases,0.7640147425332509
5,230,Objective-C,Computer_Programming,0.7727328713659711
5,32,Financial_market,capital_market,0.7756999243274367
5,119,DSDA02,Edison,0.7770123454481879
5,220,Pro-innovation_bias,ProductDevelopment,0.7799321936980995
5,229,C_Sharp,Computer_Programming,0.780969462224373
5,27,FinanceCapitalism,capital_market,0.7875086207946435
5,118,DSDM05,Edison,0.7989921631658885
5,109,Primary_Research,Research,0.8019646756872305
5,242,JavaScript,Computer_Programming,0.8099437419474798
5,214,New_product_development,ProductDevelopment,0.8130835225400832
5,217,Product_life-CycleManagement,ProductDevelopment,0.81447482227217
5,161,Meta-advertising,Advertising,0.8144859120408559
5,96,ScholarlyMethod,Research,0.8175456996974055
5,54,Employment_agency,Recuting,0.8230845690902089
5,193,DB6,Databases,0.8254261927465232
5,43,List_of_statistical_packages,Statistics,0.8273758111516077
5,22,List_of_statistical_packages,Math_Stats_tools,0.8279642905118758
5,69,List_of_statistical_packages,statistical_software,0.8279642905118758
5,30,Financial_instrument,capital_market,0.832804938549452
5,97,UndergraduateResearch,Research,0.8341730923580296
5,108,RM1,Research,0.8347055476272978
5,238,PL-SQL,Computer_Programming,0.8353402917583483
5,209,Elasticsearch,Databases,0.8418377617715491
5,34,FinancialRegulation,capital_market,0.847738535783485
5,187,DB2,Databases,0.8503134098466006
5,36,Stock_Exchange,capital_market,0.8521938417530579
5,9,European_Joint_Master_degree_in_Economics,Education,0.8522290303100778
5,234,Objective-J,Computer_Programming,0.8557625899248157
5,14,Professional_Science_Master's_Degree,Education,0.8601939612909693
5,231,Ruby,Computer_Programming,0.8628579293811236
5,156,Co-marketing,Advertising,0.8769071628938367
5,244,Transact-SQL,Computer_Programming,0.8774811540352999
5,73,Octave,statistical_software,0.8795117434299529
5,148,Octave,Software,0.8795117434299529
5,131,DSRM04,Edison,0.883536363156166
5,74,MATLAB,statistical_software,0.8871804471867603
5,149,MATLAB,Software,0.8871804471867603
5,21,Lists_of_mathematics_topics,Math_Stats_tools,0.8970050744446275
5,29,Mathematical_finance,capital_market,0.8975798139861042
5,42,6_BASIC_STATISTICAL_TOOLS,Statistics,0.9039871165336494
5,12,Graduate_school,Education,0.9241206583829742
5,13,Master_of_Engineering,Education,0.9316022371286703
5,39,A_Guide_to_Statistical_Techniques,Statistics,0.9345769227511459
5,48,Executive_search_firms,Recuting,0.9357043111596683
5,5,Terminal_degree,Education,0.9406276885395017
5,3,Master_of_Applied_Science,Education,0.9410924209650147
5,4,Chemistry_Quality_Eurolabels,Education,0.9411521383598018
5,15,Master_of_Laws,Education,0.9459684752675317
5,53,Employment_agencies,Recuting,0.9466766735600212
5,8,Master_degree,Education,0.9510412941533718
5,47,Summary_Table_for_Statistical_Techniques,Statistics,0.9535822261060565
5,51,Employment_websites,Recuting,0.9613695581973821
5,2,Bachelor_degree,Education,0.9616787379830667
5,6,Doctor_of_Philosophy,Education,0.9668192199725705
5,0,First_professional_degree,Education,0.9686819456964572
5,7,Master_of_Science,Education,0.9813528922166688
5,1,Master's_degree_in_Europe,Education,0.991068538468209
5,11,Educational_specialist,Education,0.9921815489518649
5,10,Engineer_degree,Education,0.9951985356736117
6,90,Business Intelligence,Business,0.1602346377682088
6,88,Business Management,Business,0.16880289892727052
6,93,Service-oriented modeling,Business,0.18701768229944804
6,94,Business Model,Business,0.21641821586571386
6,59,Cloud_Computing,Distributed,0.23320690280365086
6,65,Cloud Computing,Distributed,0.23320690280365086
6,92,Project management,Business,0.25024502405711047
6,133,DSDK02,Edison,0.2634674122274232
6,60,Cloudera,Distributed,0.2669231422421071
6,58,Hortonworks,Distributed,0.2697815978230086
6,122,DSDA03,Edison,0.2784870789044964
6,85,Non-store_retailing,e-commerce,0.2801303028888694
6,164,Video_commerce,Advertising,0.30443471373869513
6,159,Mobile_marketing,Advertising,0.3072396437797493
6,175,Text mining,Machine_Learning,0.31071427299582566
6,178,Text_mining,Machine_Learning,0.31071427299582566
6,124,DSDK04,Edison,0.3156353658864284
6,64,Hadoop,Distributed,0.32361442815786245
6,190,RDBMS,Databases,0.33901205206053375
6,215,productDevelopment,ProductDevelopment,0.3433007752898025
6,206,database,Databases,0.3480370602599967
6,219,MarketPenetration,ProductDevelopment,0.35922843277296834
6,188,ODBMS,Databases,0.3603519673332699
6,89,Business,Business,0.3740172967700295
6,211,db,Databases,0.38349401999950017
6,141,DSENG05,Edison,0.38817840218720556
6,169,Data_mining,Machine_Learning,0.3908792115175743
6,180,Data mining,Machine_Learning,0.3908792115175743
6,216,VirtualProductDevelopment,ProductDevelopment,0.3942002869936764
6,128,DSDA05,Edison,0.3992654561080682
6,204,NoSQL,Databases,0.4065383121093382
6,205,DSENG04_Relational_non-relational_databases,Databases,0.4132100731693311
6,76,KNIME,statistical_software,0.4190682063530091
6,151,KNIME,Software,0.4190682063530091
6,123,DSDK01,Edison,0.42505338311723917
6,66,SAS,statistical_software,0.42616256130213526
6,142,SAS,Software,0.42616256130213526
6,227,SAS,Computer_Programming,0.42616256130213526
6,35,Investment_theory,capital_market,0.4262658116935111
6,129,DSDK03,Edison,0.4268891705068605
6,245,Software_developer,Computer_Programming,0.4451968860249732
6,125,DSDK05,Edison,0.4481859434259493
6,198,Microsoft_SQL_Server,Databases,0.45047179577349383
6,199,IBM_DB2,Databases,0.4570063978471193
6,212,Data_warehouse,Databases,0.45752346484057715
6,75,GATE,statistical_software,0.45965428615380044
6,150,GATE,Software,0.45965428615380044
6,241,Software_architecture,Computer_Programming,0.46122593319762806
6,49,Executive_search,Recuting,0.46566311522470094
6,239,Julia,Computer_Programming,0.47042164078104176
6,84,E-commerce_credit_card_payment_system,e-commerce,0.4735791277409407
6,177,Predictive Analytics,Machine_Learning,0.47685587367932003
6,183,Predictive_Analytics,Machine_Learning,0.47685587367932003
6,135,DSDK06,Edison,0.47703972127355676
6,222,RequirementsManagement,ProductDevelopment,0.48220411890507886
6,208,Database,Databases,0.48900934557948517
6,134,DSDA04,Edison,0.4913913669334353
6,31,Corporate_finance,capital_market,0.4916240687146304
6,196,DB4,Databases,0.4938842991389961
6,246,R,Computer_Programming,0.4939142051475659
6,79,Software,statistical_software,0.495772849927683
6,154,Software,Software,0.495772849927683
6,213,Time_toMarket,ProductDevelopment,0.5147676978816341
6,163,Viral_marketing,Advertising,0.5152578373371401
6,173,Categorization,Machine_Learning,0.5162062600874331
6,182,Classification,Machine_Learning,0.5174325941785528
6,228,Programmer,Computer_Programming,0.5177250671408051
6,81,E-commerce,e-commerce,0.5208671679475663
6,57,Distributed Computing,Distributed,0.5240744820671621
6,63,Distributed_Computing,Distributed,0.5240744820671621
6,55,Onboarding,Recuting,0.5277798626985051
6,170,Clustering,Machine_Learning,0.5280376147161391
6,121,DSDM02,Edison,0.5316024275228639
6,38,Stock_Trader,capital_market,0.5330349040635083
6,117,DSDM03,Edison,0.5330721322928527
6,70,SPSS,statistical_software,0.5347783147711085
6,145,SPSS,Software,0.5347783147711085
6,157,MarketingMix,Advertising,0.5353568463835294
6,194,Database2,Databases,0.537716308423961
6,240,Python,Computer_Programming,0.5383909516908165
6,37,Finance,capital_market,0.5469497426725418
6,82,Online_marketplace,e-commerce,0.5472352993615184
6,195,MonetDB,Databases,0.5488182363704573
6,115,DSRM03,Edison,0.5501903590375091
6,247,Computer_network,Computer_Programming,0.5534344093579422
6,67,JMP,statistical_software,0.5578441191713707
6,143,JMP,Software,0.5578441191713707
6,24,Math_Stats_tools,Math_Stats_tools,0.5580194402421504
6,189,MySQL,Databases,0.5606695443588325
6,52,Human_resource_management,Recuting,0.562157731259882
6,158,Advertising,Advertising,0.5630810075607202
6,202,Databases,Databases,0.5634689655514779
6,110,FrascatiDefinitionofResearch,Research,0.5637120983156565
6,116,DSDM04,Edison,0.5669094394546561
6,207,DB3,Databases,0.5672578803838644
6,56,Human_resource_consulting,Recuting,0.5704815326254951
6,25,Financial_services,capital_market,0.5710607254124824
6,221,Product,ProductDevelopment,0.5736933497078042
6,197,Data_mart,Databases,0.574694365438261
6,99,IsOperationsResearchReallyResearch,Research,0.5761023145090249
6,127,DSENG03,Edison,0.577407785525931
6,50,Personality-job_fit_theory,Recuting,0.5797943254052986
6,223,C--,Computer_Programming,0.5877327147566991
6,139,DSDA01,Edison,0.5901212999808875
6,68,Git,statistical_software,0.5904283800416747
6,144,Git,Software,0.5904283800416747
6,114,DSDM06,Edison,0.5918966830217086
6,28,CapitalMarket,capital_market,0.5945412427729883
6,225,Computer_Programming,Computer_Programming,0.5971879595116445
6,83,Types_of_e-commerce,e-commerce,0.5974860901084083
6,172,Information_Retrieval,Machine_Learning,0.601494746618221
6,176,Information Retrieval,Machine_Learning,0.601494746618221
6,95,Corporate communication,Business,0.604857781693872
6,61,Grid_computing,Distributed,0.6052123883146286
6,62,Grid computing,Distributed,0.6052123883146286
6,126,DSENG01,Edison,0.6053508306704862
6,100,Secondary_research,Research,0.6075390118407089
6,26,Financial_economics,capital_market,0.6079808242317906
6,203,SPARQL,Databases,0.6136635482780195
6,87,Business communication,Business,0.6142695927558298
6,16,BiomedicalEngineers2,Biomedical,0.6183383396317341
6,19,_BiomedicalEngineers,Biomedical,0.6209506696100024
6,71,Weka,statistical_software,0.6219534603018874
6,146,Weka,Software,0.6219534603018874
6,77,Waffles,statistical_software,0.6219770510377929
6,152,Waffles,Software,0.6219770510377929
6,192,DB5,Databases,0.6253930750688912
6,160,Interactive_advertising,Advertising,0.6266482520277823
6,33,Financial_market_efficiency,capital_market,0.6269345120391375
6,235,PHP,Computer_Programming,0.6297520251063
6,72,Oracle Data Mining,statistical_software,0.6315279440024024
6,80,Oracle_Data_Mining,statistical_software,0.6315279440024024
6,147,Oracle Data Mining,Software,0.6315279440024024
6,155,Oracle_Data_Mining,Software,0.6315279440024024
6,136,DSDM01,Edison,0.6323292633317372
6,140,DSDA06,Edison,0.6361776549856953
6,185,Apache_HBase,Databases,0.6393516919819175
6,171,Machine learning,Machine_Learning,0.6433043866851577
6,174,Machine_learning,Machine_Learning,0.6433043866851577
6,236,System_programming,Computer_Programming,0.6435691431368566
6,130,DSENG06,Edison,0.6448072621626019
6,201,Oracle_Database,Databases,0.6481999662189921
6,86,Digital_economy,e-commerce,0.6528451581039589
6,32,Financial_market,capital_market,0.653907500921
6,200,CouchDB,Databases,0.6539542107239722
6,137,DSENG04,Edison,0.6632526745516492
6,162,Television_advertisement,Advertising,0.6686970805429402
6,232,C++,Computer_Programming,0.6714474665504333
6,243,Software_engineer,Computer_Programming,0.6736075934946384
6,112,DSRM06,Edison,0.6748665662999651
6,46,DataAnalytics,Statistics,0.6766635128606099
6,210,PostgreSQL,Databases,0.6798234866242772
6,27,FinanceCapitalism,capital_market,0.6830017686136527
6,186,MongoDB,Databases,0.6858617360673149
6,40,StatisticalTechniques,Statistics,0.6860679120258173
6,224,C,Computer_Programming,0.6862262895564936
6,44,Important_Methods_For_Statistical_Data_Analysis,Statistics,0.6889437936664939
6,17,Biomedicine,Biomedical,0.6902708105341937
6,91,Job interview,Business,0.6906519649641858
6,105,DSRM02_Systematic_study,Research,0.6911711620872744
6,237,Scala,Computer_Programming,0.6913892443427154
6,218,CAD,ProductDevelopment,0.6934182915002307
6,18,BiomedicalEngineering,Biomedical,0.700495969933816
6,233,Java,Computer_Programming,0.703519291022655
6,30,Financial_instrument,capital_market,0.7055678980553716
6,54,Employment_agency,Recuting,0.7068914998137085
6,191,DB1,Databases,0.7139029130487282
6,106,DSRM06_Contribute_research_objectives,Research,0.714602006623609
6,98,RM2,Research,0.7147195916162835
6,120,DSRM05,Edison,0.7147640760913613
6,78,Mathematica,statistical_software,0.7176370457864845
6,153,Mathematica,Software,0.7176370457864845
6,220,Pro-innovation_bias,ProductDevelopment,0.7213623867299623
6,217,Product_life-CycleManagement,ProductDevelopment,0.7220899253257443
6,36,Stock_Exchange,capital_market,0.7237638963004749
6,230,Objective-C,Computer_Programming,0.7259800378943291
6,113,DSRM02,Edison,0.7261096896898147
6,226,pbdR,Computer_Programming,0.7274836132770761
6,229,C_Sharp,Computer_Programming,0.7281469807975955
6,34,FinancialRegulation,capital_market,0.7282579468765751
6,161,Meta-advertising,Advertising,0.7297296532179073
6,214,New_product_development,ProductDevelopment,0.7362096604856438
6,118,DSDM05,Edison,0.7362909657548438
6,107,RMO,Research,0.7375997131692573
6,132,DSENG02,Edison,0.7406282229525185
6,165,Unsupervised_learning,Machine_Learning,0.7407952569469551
6,179,Unsupervised learning,Machine_Learning,0.7407952569469551
6,138,DSRM01,Edison,0.7449503149054354
6,242,JavaScript,Computer_Programming,0.7454982647841788
6,102,RM3,Research,0.7501816463869375
6,104,RM4,Research,0.7590982028340241
6,109,Primary_Research,Research,0.7591740803787903
6,167,Supervised_Learning,Machine_Learning,0.761446572257105
6,168,Supervised Learning,Machine_Learning,0.761446572257105
6,209,Elasticsearch,Databases,0.7615372845828086
6,238,PL-SQL,Computer_Programming,0.7749722645490059
6,23,Mathematics,Math_Stats_tools,0.7799979617251522
6,111,SS,Research,0.7827353434156662
6,234,Objective-J,Computer_Programming,0.7848240606546955
6,187,DB2,Databases,0.7852473113152442
6,119,DSDA02,Edison,0.7907497458671566
6,156,Co-marketing,Advertising,0.7915205448223804
6,231,Ruby,Computer_Programming,0.7949723911183683
6,244,Transact-SQL,Computer_Programming,0.8002945927177341
6,101,RM5,Research,0.8021838569290587
6,45,Correlation,Statistics,0.8025998406572175
6,181,Statistical method,Machine_Learning,0.8040867564684024
6,184,Statistical_method,Machine_Learning,0.8040867564684024
6,74,MATLAB,statistical_software,0.8051528124929334
6,149,MATLAB,Software,0.8051528124929334
6,9,European_Joint_Master_degree_in_Economics,Education,0.8058151976894433
6,96,ScholarlyMethod,Research,0.8076230273862112
6,193,DB6,Databases,0.8099282756421451
6,131,DSRM04,Edison,0.8101004689224958
6,73,Octave,statistical_software,0.8118672892479848
6,148,Octave,Software,0.8118672892479848
6,43,List_of_statistical_packages,Statistics,0.8170776841448032
6,22,List_of_statistical_packages,Math_Stats_tools,0.8176114294619046
6,69,List_of_statistical_packages,statistical_software,0.8176114294619046
6,103,DSRM01_Scientific_method,Research,0.8230732117658612
6,29,Mathematical_finance,capital_market,0.829167765470125
6,97,UndergraduateResearch,Research,0.8304133267027537
6,20,Statistics,Math_Stats_tools,0.8321133817663469
6,41,Statistics,Statistics,0.8321133817663469
6,108,RM1,Research,0.8455358862671961
6,14,Professional_Science_Master's_Degree,Education,0.8477271968302904
6,4,Chemistry_Quality_Eurolabels,Education,0.8536581727656778
6,48,Executive_search_firms,Recuting,0.8552031981856936
6,166,Statistics,Machine_Learning,0.8579235156309899
6,21,Lists_of_mathematics_topics,Math_Stats_tools,0.8589038333848098
6,53,Employment_agencies,Recuting,0.8599704775250914
6,39,A_Guide_to_Statistical_Techniques,Statistics,0.865100539040273
6,5,Terminal_degree,Education,0.8764611602853579
6,42,6_BASIC_STATISTICAL_TOOLS,Statistics,0.8830982496985637
6,51,Employment_websites,Recuting,0.8855285382767817
6,47,Summary_Table_for_Statistical_Techniques,Statistics,0.915677617744357
6,15,Master_of_Laws,Education,0.9212438881785541
6,8,Master_degree,Education,0.9264229054270261
6,13,Master_of_Engineering,Education,0.9329147642074771
6,6,Doctor_of_Philosophy,Education,0.9398492537874487
6,0,First_professional_degree,Education,0.9491972800776307
6,2,Bachelor_degree,Education,0.9510712483087416
6,12,Graduate_school,Education,0.9550761536119624
6,10,Engineer_degree,Education,0.9715593283979083
6,1,Master's_degree_in_Europe,Education,0.9799637886480157
6,11,Educational_specialist,Education,0.9850790799061194
6,7,Master_of_Science,Education,0.9896882551113173
6,3,Master_of_Applied_Science,Education,1.016395385916619
7,90,Business Intelligence,Business,0.14049200067886936
7,88,Business Management,Business,0.17934038423643917
7,59,Cloud_Computing,Distributed,0.19777047974971262
7,65,Cloud Computing,Distributed,0.19777047974971262
7,206,database,Databases,0.1990977663585105
7,93,Service-oriented modeling,Business,0.22564503636660715
7,211,db,Databases,0.2567439522052035
7,122,DSDA03,Edison,0.25831866367923884
7,190,RDBMS,Databases,0.2586093673576816
7,188,ODBMS,Databases,0.2682494768661505
7,64,Hadoop,Distributed,0.27186735431813713
7,204,NoSQL,Databases,0.2789705622083475
7,58,Hortonworks,Distributed,0.2831293217301384
7,92,Project management,Business,0.28499990199770886
7,94,Business Model,Business,0.29211457064976154
7,124,DSDK04,Edison,0.2991286187930504
7,60,Cloudera,Distributed,0.3021380740856311
7,175,Text mining,Machine_Learning,0.3071798532926082
7,178,Text_mining,Machine_Learning,0.3071798532926082
7,205,DSENG04_Relational_non-relational_databases,Databases,0.3112978450470275
7,133,DSDK02,Edison,0.31519352802961875
7,169,Data_mining,Machine_Learning,0.3209065525677792
7,180,Data mining,Machine_Learning,0.3209065525677792
7,164,Video_commerce,Advertising,0.32926626593586306
7,128,DSDA05,Edison,0.3667067012308802
7,198,Microsoft_SQL_Server,Databases,0.3813783322302422
7,76,KNIME,statistical_software,0.39121137825488217
7,151,KNIME,Software,0.39121137825488217
7,159,Mobile_marketing,Advertising,0.39246936139228994
7,57,Distributed Computing,Distributed,0.3940489318601429
7,63,Distributed_Computing,Distributed,0.3940489318601429
7,212,Data_warehouse,Databases,0.39514526085835466
7,199,IBM_DB2,Databases,0.39696214760437976
7,239,Julia,Computer_Programming,0.410901838582425
7,208,Database,Databases,0.4181048930775406
7,196,DB4,Databases,0.4233014766239136
7,141,DSENG05,Edison,0.42423830708635524
7,89,Business,Business,0.42568558033251314
7,75,GATE,statistical_software,0.4303720950088593
7,150,GATE,Software,0.4303720950088593
7,215,productDevelopment,ProductDevelopment,0.43049362610420505
7,216,VirtualProductDevelopment,ProductDevelopment,0.4317299328880394
7,85,Non-store_retailing,e-commerce,0.43694522038598904
7,66,SAS,statistical_software,0.4375232403491276
7,142,SAS,Software,0.4375232403491276
7,227,SAS,Computer_Programming,0.4375232403491276
7,123,DSDK01,Edison,0.44020856732761704
7,134,DSDA04,Edison,0.4444294023884865
7,246,R,Computer_Programming,0.4477094081636751
7,245,Software_developer,Computer_Programming,0.4572645400527001
7,241,Software_architecture,Computer_Programming,0.4623918346522379
7,202,Databases,Databases,0.4626884159091109
7,240,Python,Computer_Programming,0.4733339306833644
7,194,Database2,Databases,0.4736902687688703
7,170,Clustering,Machine_Learning,0.4748053647251048
7,173,Categorization,Machine_Learning,0.4786831117608594
7,70,SPSS,statistical_software,0.4830996086358198
7,145,SPSS,Software,0.4830996086358198
7,121,DSDM02,Edison,0.4859597053586623
7,117,DSDM03,Edison,0.4927143174685571
7,177,Predictive Analytics,Machine_Learning,0.49450137841155617
7,183,Predictive_Analytics,Machine_Learning,0.49450137841155617
7,195,MonetDB,Databases,0.4962727796077565
7,228,Programmer,Computer_Programming,0.498203178485189
7,207,DB3,Databases,0.5046390279020794
7,129,DSDK03,Edison,0.5061090084036881
7,125,DSDK05,Edison,0.5064304952152954
7,222,RequirementsManagement,ProductDevelopment,0.509492846797702
7,84,E-commerce_credit_card_payment_system,e-commerce,0.5177315101874032
7,219,MarketPenetration,ProductDevelopment,0.5195172831270272
7,197,Data_mart,Databases,0.5287019029527784
7,24,Math_Stats_tools,Math_Stats_tools,0.5303706243674822
7,247,Computer_network,Computer_Programming,0.5304704380265632
7,189,MySQL,Databases,0.5308364792312764
7,182,Classification,Machine_Learning,0.5366890106016584
7,67,JMP,statistical_software,0.5396480830366501
7,143,JMP,Software,0.5396480830366501
7,135,DSDK06,Edison,0.5487897127546526
7,35,Investment_theory,capital_market,0.5539715936901906
7,79,Software,statistical_software,0.556147471794765
7,154,Software,Software,0.556147471794765
7,223,C--,Computer_Programming,0.5598123955907135
7,225,Computer_Programming,Computer_Programming,0.5607210378322629
7,203,SPARQL,Databases,0.5620029497253852
7,171,Machine learning,Machine_Learning,0.5653661838539205
7,174,Machine_learning,Machine_Learning,0.5653661838539205
7,77,Waffles,statistical_software,0.5667869074498837
7,152,Waffles,Software,0.5667869074498837
7,116,DSDM04,Edison,0.5672829989337835
7,68,Git,statistical_software,0.5686489159438375
7,144,Git,Software,0.5686489159438375
7,49,Executive_search,Recuting,0.570842103595171
7,115,DSRM03,Edison,0.5712375692274934
7,114,DSDM06,Edison,0.579778511102379
7,110,FrascatiDefinitionofResearch,Research,0.5864178596097723
7,127,DSENG03,Edison,0.588000324844711
7,213,Time_toMarket,ProductDevelopment,0.5906433609764423
7,71,Weka,statistical_software,0.5912844490132025
7,146,Weka,Software,0.5912844490132025
7,172,Information_Retrieval,Machine_Learning,0.5928586211052069
7,176,Information Retrieval,Machine_Learning,0.5928586211052069
7,99,IsOperationsResearchReallyResearch,Research,0.594807114769356
7,163,Viral_marketing,Advertising,0.597708899762123
7,55,Onboarding,Recuting,0.5983423309772713
7,192,DB5,Databases,0.6000030514210045
7,81,E-commerce,e-commerce,0.6031144673643951
7,50,Personality-job_fit_theory,Recuting,0.6051827780203114
7,61,Grid_computing,Distributed,0.6091755621017219
7,62,Grid computing,Distributed,0.6091755621017219
7,82,Online_marketplace,e-commerce,0.6106304733458682
7,72,Oracle Data Mining,statistical_software,0.6121996021851759
7,80,Oracle_Data_Mining,statistical_software,0.6121996021851759
7,147,Oracle Data Mining,Software,0.6121996021851759
7,155,Oracle_Data_Mining,Software,0.6121996021851759
7,136,DSDM01,Edison,0.6122845301243387
7,139,DSDA01,Edison,0.6128896919524701
7,236,System_programming,Computer_Programming,0.6157838485340549
7,83,Types_of_e-commerce,e-commerce,0.6212002385844642
7,137,DSENG04,Edison,0.6262655883702901
7,185,Apache_HBase,Databases,0.6272253322040183
7,201,Oracle_Database,Databases,0.6273443894756399
7,235,PHP,Computer_Programming,0.6278508148622264
7,52,Human_resource_management,Recuting,0.6311744513654094
7,126,DSENG01,Edison,0.6321438740691441
7,157,MarketingMix,Advertising,0.635528853008211
7,140,DSDA06,Edison,0.6355889501637082
7,100,Secondary_research,Research,0.6359013542439235
7,44,Important_Methods_For_Statistical_Data_Analysis,Statistics,0.6369979398579921
7,31,Corporate_finance,capital_market,0.6439914330294412
7,200,CouchDB,Databases,0.6442447768123212
7,232,C++,Computer_Programming,0.6542226726214139
7,221,Product,ProductDevelopment,0.654609533689929
7,130,DSENG06,Edison,0.6560845930406249
7,56,Human_resource_consulting,Recuting,0.6574385378890897
7,158,Advertising,Advertising,0.6581261537505623
7,16,BiomedicalEngineers2,Biomedical,0.6585110522644384
7,87,Business communication,Business,0.6604815159464986
7,19,_BiomedicalEngineers,Biomedical,0.6638873632168416
7,210,PostgreSQL,Databases,0.6665571151324835
7,224,C,Computer_Programming,0.6713323313751383
7,167,Supervised_Learning,Machine_Learning,0.6719196630229769
7,168,Supervised Learning,Machine_Learning,0.6719196630229769
7,186,MongoDB,Databases,0.6794354256082067
7,46,DataAnalytics,Statistics,0.6794929894369304
7,165,Unsupervised_learning,Machine_Learning,0.6844631831387433
7,179,Unsupervised learning,Machine_Learning,0.6844631831387433
7,95,Corporate communication,Business,0.6845465772341583
7,191,DB1,Databases,0.6861496149708393
7,237,Scala,Computer_Programming,0.6868229185952905
7,233,Java,Computer_Programming,0.6917404868703082
7,160,Interactive_advertising,Advertising,0.6978445311615348
7,218,CAD,ProductDevelopment,0.7005745276368152
7,25,Financial_services,capital_market,0.7015606561797116
7,37,Finance,capital_market,0.702690496114626
7,78,Mathematica,statistical_software,0.7051196169654708
7,153,Mathematica,Software,0.7051196169654708
7,86,Digital_economy,e-commerce,0.7057101100345344
7,40,StatisticalTechniques,Statistics,0.7104395451543106
7,38,Stock_Trader,capital_market,0.7112272354796695
7,105,DSRM02_Systematic_study,Research,0.7123118204748691
7,226,pbdR,Computer_Programming,0.7132929580351668
7,132,DSENG02,Edison,0.7187367152101019
7,17,Biomedicine,Biomedical,0.7189368467825948
7,243,Software_engineer,Computer_Programming,0.7200014710522411
7,112,DSRM06,Edison,0.7229514160471957
7,229,C_Sharp,Computer_Programming,0.724181793101232
7,230,Objective-C,Computer_Programming,0.7284641291625128
7,28,CapitalMarket,capital_market,0.7343649503348311
7,26,Financial_economics,capital_market,0.7377609729589956
7,113,DSRM02,Edison,0.7430401575794408
7,33,Financial_market_efficiency,capital_market,0.7440695556402022
7,118,DSDM05,Edison,0.7457144085447284
7,242,JavaScript,Computer_Programming,0.7481308294423679
7,91,Job interview,Business,0.7490051886546025
7,98,RM2,Research,0.7504522919958561
7,106,DSRM06_Contribute_research_objectives,Research,0.7506206526291237
7,120,DSRM05,Edison,0.7546843588639732
7,32,Financial_market,capital_market,0.7663235726194169
7,18,BiomedicalEngineering,Biomedical,0.766344960360939
7,217,Product_life-CycleManagement,ProductDevelopment,0.7716775473487101
7,162,Television_advertisement,Advertising,0.7721886631810004
7,214,New_product_development,ProductDevelopment,0.7737551842887171
7,209,Elasticsearch,Databases,0.7754326761487629
7,138,DSRM01,Edison,0.7800790395838146
7,102,RM3,Research,0.7806608935277575
7,220,Pro-innovation_bias,ProductDevelopment,0.7829889731269561
7,238,PL-SQL,Computer_Programming,0.7840042622701425
7,107,RMO,Research,0.7842106274864025
7,23,Mathematics,Math_Stats_tools,0.78670876888337
7,109,Primary_Research,Research,0.7919173006792228
7,111,SS,Research,0.7936247786368761
7,161,Meta-advertising,Advertising,0.7957649532710734
7,181,Statistical method,Machine_Learning,0.7988069107990013
7,184,Statistical_method,Machine_Learning,0.7988069107990013
7,234,Objective-J,Computer_Programming,0.7988640643853036
7,193,DB6,Databases,0.8000519329630835
7,187,DB2,Databases,0.803309712833858
7,104,RM4,Research,0.8067469367667943
7,119,DSDA02,Edison,0.806842448940858
7,101,RM5,Research,0.8115970085125895
7,231,Ruby,Computer_Programming,0.8128869300031186
7,43,List_of_statistical_packages,Statistics,0.8171849757596137
7,22,List_of_statistical_packages,Math_Stats_tools,0.8178541819626817
7,69,List_of_statistical_packages,statistical_software,0.8178541819626817
7,27,FinanceCapitalism,capital_market,0.8234264033513807
7,96,ScholarlyMethod,Research,0.8238744874090935
7,244,Transact-SQL,Computer_Programming,0.824554389211678
7,54,Employment_agency,Recuting,0.828478904249998
7,34,FinancialRegulation,capital_market,0.8307441401529905
7,73,Octave,statistical_software,0.8325870279982626
7,148,Octave,Software,0.8325870279982626
7,131,DSRM04,Edison,0.8370867066294911
7,74,MATLAB,statistical_software,0.8394224548723006
7,149,MATLAB,Software,0.8394224548723006
7,20,Statistics,Math_Stats_tools,0.8406470064785123
7,41,Statistics,Statistics,0.8406470064785123
7,36,Stock_Exchange,capital_market,0.8416597291840693
7,156,Co-marketing,Advertising,0.8449902599060494
7,30,Financial_instrument,capital_market,0.8484965756795154
7,45,Correlation,Statistics,0.8549833187238426
7,166,Statistics,Machine_Learning,0.8557548474594797
7,103,DSRM01_Scientific_method,Research,0.8662627630366413
7,29,Mathematical_finance,capital_market,0.8691461032317449
7,108,RM1,Research,0.8808200692547422
7,21,Lists_of_mathematics_topics,Math_Stats_tools,0.8831052446406553
7,48,Executive_search_firms,Recuting,0.8850855314103863
7,39,A_Guide_to_Statistical_Techniques,Statistics,0.8887315970610392
7,9,European_Joint_Master_degree_in_Economics,Education,0.8958377186598387
7,53,Employment_agencies,Recuting,0.8960534855593874
7,97,UndergraduateResearch,Research,0.9025189520220431
7,51,Employment_websites,Recuting,0.9054045241695805
7,5,Terminal_degree,Education,0.9126564927856392
7,4,Chemistry_Quality_Eurolabels,Education,0.9128144239773042
7,42,6_BASIC_STATISTICAL_TOOLS,Statistics,0.9159579608261784
7,14,Professional_Science_Master's_Degree,Education,0.9312691335875312
7,47,Summary_Table_for_Statistical_Techniques,Statistics,0.9586109575661815
7,8,Master_degree,Education,1.013584831241851
7,13,Master_of_Engineering,Education,1.0296142151295264
7,6,Doctor_of_Philosophy,Education,1.0317058151018057
7,2,Bachelor_degree,Education,1.0353718440084188
7,15,Master_of_Laws,Education,1.038382204431229
7,0,First_professional_degree,Education,1.0437687402988436
7,12,Graduate_school,Education,1.0455834013853142
7,1,Master's_degree_in_Europe,Education,1.0770229514489336
7,7,Master_of_Science,Education,1.077143553125012
7,10,Engineer_degree,Education,1.0811579875364863
7,3,Master_of_Applied_Science,Education,1.0862393159155093
7,11,Educational_specialist,Education,1.0866045831771147
8,175,Text mining,Machine_Learning,0.22225717095296582
8,178,Text_mining,Machine_Learning,0.22225717095296582
8,182,Classification,Machine_Learning,0.22487138212097846
8,115,DSRM03,Edison,0.23645643978034614
8,99,IsOperationsResearchReallyResearch,Research,0.24894956809335556
8,173,Categorization,Machine_Learning,0.2657963011692642
8,92,Project management,Business,0.2928075711111373
8,169,Data_mining,Machine_Learning,0.3064716482389348
8,180,Data mining,Machine_Learning,0.3064716482389348
8,93,Service-oriented modeling,Business,0.30817942151429345
8,110,FrascatiDefinitionofResearch,Research,0.3281912124077835
8,88,Business Management,Business,0.3384602752150949
8,94,Business Model,Business,0.33880973549211024
8,171,Machine learning,Machine_Learning,0.34531525897546056
8,174,Machine_learning,Machine_Learning,0.34531525897546056
8,19,_BiomedicalEngineers,Biomedical,0.35278165262525507
8,90,Business Intelligence,Business,0.3691470327427089
8,16,BiomedicalEngineers2,Biomedical,0.3733372995768415
8,104,RM4,Research,0.39579195833463976
8,126,DSENG01,Edison,0.40359485595903544
8,188,ODBMS,Databases,0.40421615821508383
8,122,DSDA03,Edison,0.4042734758156682
8,211,db,Databases,0.4046482362424092
8,57,Distributed Computing,Distributed,0.4066953266231045
8,63,Distributed_Computing,Distributed,0.4066953266231045
8,100,Secondary_research,Research,0.41193625882964846
8,190,RDBMS,Databases,0.42998496433579547
8,23,Mathematics,Math_Stats_tools,0.4309818751021859
8,89,Business,Business,0.4410258999090998
8,177,Predictive Analytics,Machine_Learning,0.4413124221751229
8,183,Predictive_Analytics,Machine_Learning,0.4413124221751229
8,59,Cloud_Computing,Distributed,0.4417511307086751
8,65,Cloud Computing,Distributed,0.4417511307086751
8,170,Clustering,Machine_Learning,0.4482947739221461
8,239,Julia,Computer_Programming,0.4511582639771248
8,164,Video_commerce,Advertising,0.4527447538112087
8,35,Investment_theory,capital_market,0.46370062951578095
8,206,database,Databases,0.46523010788625185
8,240,Python,Computer_Programming,0.4657234518366389
8,18,BiomedicalEngineering,Biomedical,0.4679700532355514
8,165,Unsupervised_learning,Machine_Learning,0.46797340107127416
8,179,Unsupervised learning,Machine_Learning,0.46797340107127416
8,112,DSRM06,Edison,0.46812929158356353
8,3,Master_of_Applied_Science,Education,0.46865572163807234
8,75,GATE,statistical_software,0.4717414986080545
8,150,GATE,Software,0.4717414986080545
8,246,R,Computer_Programming,0.47334603396698105
8,245,Software_developer,Computer_Programming,0.4736571899264713
8,228,Programmer,Computer_Programming,0.47583927009250837
8,98,RM2,Research,0.48012137646496456
8,66,SAS,statistical_software,0.4809952202333292
8,142,SAS,Software,0.4809952202333292
8,227,SAS,Computer_Programming,0.4809952202333292
8,241,Software_architecture,Computer_Programming,0.48327987811330253
8,138,DSRM01,Edison,0.48466290089653996
8,243,Software_engineer,Computer_Programming,0.4877876629083855
8,76,KNIME,statistical_software,0.48944088735732916
8,151,KNIME,Software,0.48944088735732916
8,120,DSRM05,Edison,0.49097511051538567
8,14,Professional_Science_Master's_Degree,Education,0.4909756202092457
8,106,DSRM06_Contribute_research_objectives,Research,0.4915921904269758
8,102,RM3,Research,0.4930550374716476
8,204,NoSQL,Databases,0.49424478933134774
8,70,SPSS,statistical_software,0.49717096050448517
8,145,SPSS,Software,0.49717096050448517
8,124,DSDK04,Edison,0.5089584530404445
8,105,DSRM02_Systematic_study,Research,0.512356709231899
8,67,JMP,statistical_software,0.5124499952839021
8,143,JMP,Software,0.5124499952839021
8,12,Graduate_school,Education,0.5148641290994258
8,13,Master_of_Engineering,Education,0.5177069971714384
8,172,Information_Retrieval,Machine_Learning,0.5189410558534973
8,176,Information Retrieval,Machine_Learning,0.5189410558534973
8,85,Non-store_retailing,e-commerce,0.5210218775313981
8,101,RM5,Research,0.5227902799051384
8,24,Math_Stats_tools,Math_Stats_tools,0.5281472434650609
8,107,RMO,Research,0.5282095138350227
8,159,Mobile_marketing,Advertising,0.5299745459263041
8,123,DSDK01,Edison,0.5360571333459649
8,196,DB4,Databases,0.53887998860644
8,64,Hadoop,Distributed,0.5429515165906691
8,216,VirtualProductDevelopment,ProductDevelopment,0.5450875311593946
8,79,Software,statistical_software,0.5458236335718696
8,154,Software,Software,0.5458236335718696
8,7,Master_of_Science,Education,0.5460985084086725
8,225,Computer_Programming,Computer_Programming,0.5481123397422483
8,58,Hortonworks,Distributed,0.5511537857544602
8,15,Master_of_Laws,Education,0.5528537283139019
8,133,DSDK02,Edison,0.5578535602016976
8,97,UndergraduateResearch,Research,0.5580760266117744
8,129,DSDK03,Edison,0.5585083605638208
8,77,Waffles,statistical_software,0.5600201684570296
8,152,Waffles,Software,0.5600201684570296
8,141,DSENG05,Edison,0.5610051947291089
8,128,DSDA05,Edison,0.5610438101613557
8,84,E-commerce_credit_card_payment_system,e-commerce,0.5621493802620958
8,132,DSENG02,Edison,0.5650771448812089
8,223,C--,Computer_Programming,0.5651871143245248
8,166,Statistics,Machine_Learning,0.5656249549532277
8,208,Database,Databases,0.5661813837855161
8,113,DSRM02,Edison,0.5688940272005523
8,205,DSENG04_Relational_non-relational_databases,Databases,0.5711337698238574
8,135,DSDK06,Edison,0.571937839006451
8,212,Data_warehouse,Databases,0.5735791033872929
8,121,DSDM02,Edison,0.5736718440358406
8,11,Educational_specialist,Education,0.5753327820557037
8,52,Human_resource_management,Recuting,0.5763391711798596
8,194,Database2,Databases,0.5775463780724583
8,134,DSDA04,Edison,0.5823263263578
8,247,Computer_network,Computer_Programming,0.5837605392075988
8,0,First_professional_degree,Education,0.5840055006549132
8,10,Engineer_degree,Education,0.5890947081120493
8,199,IBM_DB2,Databases,0.5901852078186572
8,222,RequirementsManagement,ProductDevelopment,0.593729974705923
8,1,Master's_degree_in_Europe,Education,0.5965250185193149
8,9,European_Joint_Master_degree_in_Economics,Education,0.5979425581285283
8,139,DSDA01,Edison,0.6019233943441271
8,127,DSENG03,Edison,0.6055063379603104
8,213,Time_toMarket,ProductDevelopment,0.6062791378567001
8,2,Bachelor_degree,Education,0.6066418657943857
8,60,Cloudera,Distributed,0.6075719342528776
8,8,Master_degree,Education,0.607914962981503
8,198,Microsoft_SQL_Server,Databases,0.6080464957388985
8,17,Biomedicine,Biomedical,0.6092937885549565
8,44,Important_Methods_For_Statistical_Data_Analysis,Statistics,0.6127898518948159
8,163,Viral_marketing,Advertising,0.6142540554019631
8,116,DSDM04,Edison,0.6144987175852532
8,37,Finance,capital_market,0.615368033874721
8,167,Supervised_Learning,Machine_Learning,0.6171159324385813
8,168,Supervised Learning,Machine_Learning,0.6171159324385813
8,71,Weka,statistical_software,0.6177471173074807
8,146,Weka,Software,0.6177471173074807
8,55,Onboarding,Recuting,0.6207875243031077
8,195,MonetDB,Databases,0.6231001172407156
8,215,productDevelopment,ProductDevelopment,0.6264725205266528
8,117,DSDM03,Edison,0.6272229299681701
8,114,DSDM06,Edison,0.6340895919791516
8,103,DSRM01_Scientific_method,Research,0.6351778924579299
8,26,Financial_economics,capital_market,0.6391096746817448
8,20,Statistics,Math_Stats_tools,0.6420514590733513
8,41,Statistics,Statistics,0.6420514590733513
8,6,Doctor_of_Philosophy,Education,0.6428020360917641
8,158,Advertising,Advertising,0.6430489193979954
8,49,Executive_search,Recuting,0.6439749205147396
8,50,Personality-job_fit_theory,Recuting,0.6454355858022186
8,192,DB5,Databases,0.6480219858570158
8,91,Job interview,Business,0.6482970163347246
8,68,Git,statistical_software,0.65035177624413
8,144,Git,Software,0.65035177624413
8,140,DSDA06,Edison,0.6514732060822666
8,81,E-commerce,e-commerce,0.653538361142481
8,203,SPARQL,Databases,0.6563420976826908
8,236,System_programming,Computer_Programming,0.6565189679357926
8,219,MarketPenetration,ProductDevelopment,0.6575517490420344
8,31,Corporate_finance,capital_market,0.658738001784041
8,221,Product,ProductDevelopment,0.6587467439292594
8,111,SS,Research,0.6591654133360894
8,61,Grid_computing,Distributed,0.6626910376908608
8,62,Grid computing,Distributed,0.6626910376908608
8,87,Business communication,Business,0.6648186548752311
8,207,DB3,Databases,0.6659130163696114
8,232,C++,Computer_Programming,0.6687087038229669
8,56,Human_resource_consulting,Recuting,0.66901543513739
8,189,MySQL,Databases,0.6716671724555927
8,125,DSDK05,Edison,0.676746803583034
8,96,ScholarlyMethod,Research,0.6789723755820825
8,235,PHP,Computer_Programming,0.6802994300304103
8,38,Stock_Trader,capital_market,0.6829555859325263
8,157,MarketingMix,Advertising,0.6843000707926675
8,237,Scala,Computer_Programming,0.6882167495019569
8,162,Television_advertisement,Advertising,0.6882215575567444
8,197,Data_mart,Databases,0.6930138392999292
8,224,C,Computer_Programming,0.6966387196493874
8,137,DSENG04,Edison,0.6967477938426931
8,82,Online_marketplace,e-commerce,0.6975627076712789
8,40,StatisticalTechniques,Statistics,0.6983420363743413
8,220,Pro-innovation_bias,ProductDevelopment,0.7018821268618289
8,181,Statistical method,Machine_Learning,0.7054499706865263
8,184,Statistical_method,Machine_Learning,0.7054499706865263
8,86,Digital_economy,e-commerce,0.7105135462758397
8,95,Corporate communication,Business,0.7141500549186577
8,83,Types_of_e-commerce,e-commerce,0.7174334348396589
8,136,DSDM01,Edison,0.7184987762882977
8,27,FinanceCapitalism,capital_market,0.7200651879991806
8,160,Interactive_advertising,Advertising,0.7210418588696093
8,72,Oracle Data Mining,statistical_software,0.7211506921008011
8,80,Oracle_Data_Mining,statistical_software,0.7211506921008011
8,147,Oracle Data Mining,Software,0.7211506921008011
8,155,Oracle_Data_Mining,Software,0.7211506921008011
8,54,Employment_agency,Recuting,0.7222419082266329
8,46,DataAnalytics,Statistics,0.7231739190089597
8,200,CouchDB,Databases,0.7262492328065804
8,226,pbdR,Computer_Programming,0.7281578820302396
8,109,Primary_Research,Research,0.7287377960986061
8,108,RM1,Research,0.7295859062904719
8,45,Correlation,Statistics,0.7317412963072046
8,78,Mathematica,statistical_software,0.7344869735191044
8,153,Mathematica,Software,0.7344869735191044
8,185,Apache_HBase,Databases,0.7380586116081618
8,218,CAD,ProductDevelopment,0.7424612153371386
8,119,DSDA02,Edison,0.743315111061009
8,233,Java,Computer_Programming,0.7446188491049013
8,230,Objective-C,Computer_Programming,0.7496270901874351
8,229,C_Sharp,Computer_Programming,0.751102002416111
8,210,PostgreSQL,Databases,0.7517524465366237
8,130,DSENG06,Edison,0.7525847470187554
8,193,DB6,Databases,0.7568428885468033
8,25,Financial_services,capital_market,0.7576935547943547
8,28,CapitalMarket,capital_market,0.7589310025360397
8,201,Oracle_Database,Databases,0.7613752890449437
8,33,Financial_market_efficiency,capital_market,0.7695688212826299
8,43,List_of_statistical_packages,Statistics,0.7751555477432013
8,22,List_of_statistical_packages,Math_Stats_tools,0.7756123896494543
8,69,List_of_statistical_packages,statistical_software,0.7756123896494543
8,187,DB2,Databases,0.7821574626349347
8,186,MongoDB,Databases,0.7838703920838771
8,118,DSDM05,Edison,0.783914438034287
8,191,DB1,Databases,0.7863084792088482
8,202,Databases,Databases,0.7887013521899633
8,161,Meta-advertising,Advertising,0.7952504135928666
8,242,JavaScript,Computer_Programming,0.800550007147781
8,32,Financial_market,capital_market,0.803131709029707
8,34,FinancialRegulation,capital_market,0.8084307681250597
8,209,Elasticsearch,Databases,0.810906180943087
8,21,Lists_of_mathematics_topics,Math_Stats_tools,0.8110601142143372
8,30,Financial_instrument,capital_market,0.8124531060755662
8,234,Objective-J,Computer_Programming,0.8165116501662064
8,214,New_product_development,ProductDevelopment,0.8171511008750498
8,238,PL-SQL,Computer_Programming,0.8230313573146916
8,4,Chemistry_Quality_Eurolabels,Education,0.8259794395804048
8,36,Stock_Exchange,capital_market,0.8262241617079149
8,74,MATLAB,statistical_software,0.8266234590640174
8,149,MATLAB,Software,0.8266234590640174
8,231,Ruby,Computer_Programming,0.8312913725871506
8,217,Product_life-CycleManagement,ProductDevelopment,0.8341143978017815
8,73,Octave,statistical_software,0.8368919905166028
8,148,Octave,Software,0.8368919905166028
8,5,Terminal_degree,Education,0.8379570410932486
8,156,Co-marketing,Advertising,0.8506077713296265
8,42,6_BASIC_STATISTICAL_TOOLS,Statistics,0.855910137502805
8,244,Transact-SQL,Computer_Programming,0.8561982943898607
8,29,Mathematical_finance,capital_market,0.8631967675142813
8,131,DSRM04,Edison,0.8756510724552646
8,47,Summary_Table_for_Statistical_Techniques,Statistics,0.8871325352519148
8,39,A_Guide_to_Statistical_Techniques,Statistics,0.901737786593193
8,48,Executive_search_firms,Recuting,0.9062441888223373
8,53,Employment_agencies,Recuting,0.9072876108722199
8,51,Employment_websites,Recuting,0.9346817953050925
9,90,Business Intelligence,Business,0.24009748609779025
9,175,Text mining,Machine_Learning,0.2532164077855579
9,178,Text_mining,Machine_Learning,0.2532164077855579
9,88,Business Management,Business,0.2645109136850877
9,94,Business Model,Business,0.2841884774177611
9,93,Service-oriented modeling,Business,0.2994892381738924
9,92,Project management,Business,0.30443078012683833
9,122,DSDA03,Edison,0.32058559729182723
9,164,Video_commerce,Advertising,0.32558969112933556
9,169,Data_mining,Machine_Learning,0.366118833529233
9,180,Data mining,Machine_Learning,0.366118833529233
9,85,Non-store_retailing,e-commerce,0.36788943834515986
9,59,Cloud_Computing,Distributed,0.3756977181190393
9,65,Cloud Computing,Distributed,0.3756977181190393
9,115,DSRM03,Edison,0.382631727613044
9,159,Mobile_marketing,Advertising,0.3852124675523213
9,99,IsOperationsResearchReallyResearch,Research,0.389283801499152
9,211,db,Databases,0.39536048679397884
9,190,RDBMS,Databases,0.3967869269709563
9,133,DSDK02,Edison,0.39897956054991424
9,206,database,Databases,0.4066542888669219
9,182,Classification,Machine_Learning,0.40777991768594657
9,58,Hortonworks,Distributed,0.41214613358001095
9,188,ODBMS,Databases,0.4135947683158969
9,89,Business,Business,0.4163831643020881
9,124,DSDK04,Edison,0.4192428920945589
9,173,Categorization,Machine_Learning,0.42565854617026244
9,60,Cloudera,Distributed,0.43361194194859265
9,64,Hadoop,Distributed,0.4469738194335665
9,177,Predictive Analytics,Machine_Learning,0.4606059973748531
9,183,Predictive_Analytics,Machine_Learning,0.4606059973748531
9,110,FrascatiDefinitionofResearch,Research,0.4643791653393652
9,204,NoSQL,Databases,0.4654509869247092
9,215,productDevelopment,ProductDevelopment,0.47067267850557426
9,170,Clustering,Machine_Learning,0.48918427186223545
9,35,Investment_theory,capital_market,0.49205507212885835
9,76,KNIME,statistical_software,0.49355917657842296
9,151,KNIME,Software,0.49355917657842296
9,66,SAS,statistical_software,0.494284855997152
9,142,SAS,Software,0.494284855997152
9,227,SAS,Computer_Programming,0.494284855997152
9,239,Julia,Computer_Programming,0.4953760225589835
9,75,GATE,statistical_software,0.4965933665422727
9,150,GATE,Software,0.4965933665422727
9,128,DSDA05,Edison,0.4981133606414251
9,205,DSENG04_Relational_non-relational_databases,Databases,0.5005763906190246
9,216,VirtualProductDevelopment,ProductDevelopment,0.5031752149914706
9,246,R,Computer_Programming,0.505838453295142
9,245,Software_developer,Computer_Programming,0.5064095312100803
9,123,DSDK01,Edison,0.5087397255918713
9,57,Distributed Computing,Distributed,0.5094697229806915
9,63,Distributed_Computing,Distributed,0.5094697229806915
9,219,MarketPenetration,ProductDevelopment,0.5096764204847681
9,141,DSENG05,Edison,0.5096834869797867
9,19,_BiomedicalEngineers,Biomedical,0.5133378659149479
9,196,DB4,Databases,0.5221426915163468
9,240,Python,Computer_Programming,0.5236310576424381
9,16,BiomedicalEngineers2,Biomedical,0.5241934540784263
9,241,Software_architecture,Computer_Programming,0.5259833137457032
9,129,DSDK03,Edison,0.5273949915332322
9,228,Programmer,Computer_Programming,0.5305077314807205
9,100,Secondary_research,Research,0.5307892698908476
9,70,SPSS,statistical_software,0.5310476365097859
9,145,SPSS,Software,0.5310476365097859
9,171,Machine learning,Machine_Learning,0.532900947117199
9,174,Machine_learning,Machine_Learning,0.532900947117199
9,135,DSDK06,Edison,0.5335126615023327
9,126,DSENG01,Edison,0.5338993091209655
9,172,Information_Retrieval,Machine_Learning,0.5369539905740471
9,176,Information Retrieval,Machine_Learning,0.5369539905740471
9,212,Data_warehouse,Databases,0.5426763006986399
9,49,Executive_search,Recuting,0.5442610671278472
9,163,Viral_marketing,Advertising,0.5523586966642268
9,79,Software,statistical_software,0.5566969412686534
9,154,Software,Software,0.5566969412686534
9,134,DSDA04,Edison,0.5570091170879508
9,84,E-commerce_credit_card_payment_system,e-commerce,0.5581269318401427
9,208,Database,Databases,0.5592999116798657
9,198,Microsoft_SQL_Server,Databases,0.5602297871204006
9,199,IBM_DB2,Databases,0.5629873597103447
9,222,RequirementsManagement,ProductDevelopment,0.5777112100656976
9,55,Onboarding,Recuting,0.5785067984419026
9,112,DSRM06,Edison,0.5787720289302993
9,194,Database2,Databases,0.5801018831494442
9,125,DSDK05,Edison,0.5854089667657117
9,104,RM4,Research,0.5865844792666811
9,121,DSDM02,Edison,0.5888763934512884
9,105,DSRM02_Systematic_study,Research,0.5907503136867027
9,24,Math_Stats_tools,Math_Stats_tools,0.5935491613745241
9,247,Computer_network,Computer_Programming,0.5986621549089934
9,67,JMP,statistical_software,0.6014890008507424
9,143,JMP,Software,0.6014890008507424
9,213,Time_toMarket,ProductDevelopment,0.6056874261436644
9,52,Human_resource_management,Recuting,0.608117343855479
9,158,Advertising,Advertising,0.6106206003355648
9,50,Personality-job_fit_theory,Recuting,0.6148270907505482
9,117,DSDM03,Edison,0.6167005884098504
9,81,E-commerce,e-commerce,0.6191214308324984
9,18,BiomedicalEngineering,Biomedical,0.620926985223073
9,116,DSDM04,Edison,0.6219827764228483
9,44,Important_Methods_For_Statistical_Data_Analysis,Statistics,0.6221403472972449
9,243,Software_engineer,Computer_Programming,0.6231739230393475
9,225,Computer_Programming,Computer_Programming,0.6251192068673261
9,223,C--,Computer_Programming,0.629133047102162
9,139,DSDA01,Edison,0.6294238083509271
9,195,MonetDB,Databases,0.6309376070889323
9,114,DSDM06,Edison,0.6310353913974914
9,98,RM2,Research,0.6313143194979197
9,31,Corporate_finance,capital_market,0.6320701402083753
9,23,Mathematics,Math_Stats_tools,0.6322998318516604
9,120,DSRM05,Edison,0.6333834219493046
9,157,MarketingMix,Advertising,0.6355225601348049
9,127,DSENG03,Edison,0.6360163605991503
9,106,DSRM06_Contribute_research_objectives,Research,0.6374629747862004
9,138,DSRM01,Edison,0.6391147778089481
9,102,RM3,Research,0.6409372243563138
9,165,Unsupervised_learning,Machine_Learning,0.6416982352565928
9,179,Unsupervised learning,Machine_Learning,0.6416982352565928
9,38,Stock_Trader,capital_market,0.6468643249527974
9,207,DB3,Databases,0.6485220388432652
9,77,Waffles,statistical_software,0.650543043594273
9,152,Waffles,Software,0.650543043594273
9,113,DSRM02,Edison,0.6506959330129043
9,107,RMO,Research,0.6509597513592698
9,37,Finance,capital_market,0.6517593513118298
9,82,Online_marketplace,e-commerce,0.6559922478340064
9,189,MySQL,Databases,0.6592503884941855
9,87,Business communication,Business,0.6595714573288669
9,221,Product,ProductDevelopment,0.6652665084588496
9,56,Human_resource_consulting,Recuting,0.6657897498397183
9,91,Job interview,Business,0.6658326427207161
9,26,Financial_economics,capital_market,0.6680405332253361
9,203,SPARQL,Databases,0.6685660191032559
9,197,Data_mart,Databases,0.6702258150385201
9,68,Git,statistical_software,0.6767181823410702
9,144,Git,Software,0.6767181823410702
9,192,DB5,Databases,0.677844370383084
9,71,Weka,statistical_software,0.6778553857717717
9,146,Weka,Software,0.6778553857717717
9,17,Biomedicine,Biomedical,0.6800531781633958
9,202,Databases,Databases,0.6851009866422486
9,101,RM5,Research,0.6870473155321325
9,140,DSDA06,Edison,0.6876513934229088
9,132,DSENG02,Edison,0.6916966478066813
9,61,Grid_computing,Distributed,0.6937335486121659
9,62,Grid computing,Distributed,0.6937335486121659
9,160,Interactive_advertising,Advertising,0.702429555992636
9,166,Statistics,Machine_Learning,0.70308078150101
9,162,Television_advertisement,Advertising,0.7043541589071811
9,95,Corporate communication,Business,0.7046493678725432
9,235,PHP,Computer_Programming,0.7047983883210014
9,14,Professional_Science_Master's_Degree,Education,0.7058361075333144
9,167,Supervised_Learning,Machine_Learning,0.7069656121674199
9,168,Supervised Learning,Machine_Learning,0.7069656121674199
9,236,System_programming,Computer_Programming,0.7108441924920119
9,83,Types_of_e-commerce,e-commerce,0.711201244423499
9,136,DSDM01,Edison,0.7143055617806205
9,40,StatisticalTechniques,Statistics,0.7160844872413069
9,232,C++,Computer_Programming,0.7167185548944095
9,137,DSENG04,Edison,0.7175929121122688
9,86,Digital_economy,e-commerce,0.7188458099136352
9,72,Oracle Data Mining,statistical_software,0.72193526132869
9,80,Oracle_Data_Mining,statistical_software,0.72193526132869
9,147,Oracle Data Mining,Software,0.72193526132869
9,155,Oracle_Data_Mining,Software,0.72193526132869
9,237,Scala,Computer_Programming,0.7223895895772969
9,25,Financial_services,capital_market,0.7278934502569214
9,46,DataAnalytics,Statistics,0.7302243522734193
9,130,DSENG06,Edison,0.7335281021583735
9,224,C,Computer_Programming,0.7349442243251483
9,185,Apache_HBase,Databases,0.7392154840697674
9,103,DSRM01_Scientific_method,Research,0.7403266953270244
9,111,SS,Research,0.7408162495376234
9,200,CouchDB,Databases,0.7423057694473709
9,97,UndergraduateResearch,Research,0.7429879112458802
9,28,CapitalMarket,capital_market,0.7458660672449311
9,45,Correlation,Statistics,0.7516130611461296
9,201,Oracle_Database,Databases,0.7528843687546785
9,220,Pro-innovation_bias,ProductDevelopment,0.7552317367545075
9,3,Master_of_Applied_Science,Education,0.7559516651381493
9,20,Statistics,Math_Stats_tools,0.7584728921463939
9,41,Statistics,Statistics,0.7584728921463939
9,181,Statistical method,Machine_Learning,0.7594042023946534
9,184,Statistical_method,Machine_Learning,0.7594042023946534
9,33,Financial_market_efficiency,capital_market,0.7632847829265466
9,210,PostgreSQL,Databases,0.7632904731788624
9,54,Employment_agency,Recuting,0.7649576572965738
9,218,CAD,ProductDevelopment,0.7652514786635908
9,9,European_Joint_Master_degree_in_Economics,Education,0.7667974638274953
9,233,Java,Computer_Programming,0.7722557965100891
9,78,Mathematica,statistical_software,0.7727386981467947
9,153,Mathematica,Software,0.7727386981467947
9,27,FinanceCapitalism,capital_market,0.7785670264384033
9,186,MongoDB,Databases,0.7792290658959149
9,12,Graduate_school,Education,0.7798207087130127
9,230,Objective-C,Computer_Programming,0.7800544750147532
9,226,pbdR,Computer_Programming,0.7816020078913154
9,13,Master_of_Engineering,Education,0.7868759368640461
9,109,Primary_Research,Research,0.7873459539771757
9,32,Financial_market,capital_market,0.7903171114139074
9,15,Master_of_Laws,Education,0.7918720328807832
9,229,C_Sharp,Computer_Programming,0.7919632203795006
9,118,DSDM05,Edison,0.7927739546709596
9,119,DSDA02,Edison,0.7939753124648213
9,96,ScholarlyMethod,Research,0.7957310937905443
9,191,DB1,Databases,0.7959634544642508
9,161,Meta-advertising,Advertising,0.7960263574224608
9,242,JavaScript,Computer_Programming,0.8188570445060409
9,214,New_product_development,ProductDevelopment,0.8226824930298837
9,217,Product_life-CycleManagement,ProductDevelopment,0.826818381232567
9,7,Master_of_Science,Education,0.8279504171526646
9,108,RM1,Research,0.8286270766571229
9,193,DB6,Databases,0.829199946351556
9,0,First_professional_degree,Education,0.8296584175745341
9,8,Master_degree,Education,0.8319611053972698
9,187,DB2,Databases,0.8332897602319527
9,11,Educational_specialist,Education,0.833514222910426
9,30,Financial_instrument,capital_market,0.8357592455721916
9,34,FinancialRegulation,capital_market,0.8359675074232233
9,2,Bachelor_degree,Education,0.8364911412291912
9,36,Stock_Exchange,capital_market,0.8407476754909979
9,43,List_of_statistical_packages,Statistics,0.8414467282439604
9,22,List_of_statistical_packages,Math_Stats_tools,0.8419644530561905
9,69,List_of_statistical_packages,statistical_software,0.8419644530561905
9,209,Elasticsearch,Databases,0.8465421409277933
9,10,Engineer_degree,Education,0.8473747236129279
9,238,PL-SQL,Computer_Programming,0.8480795529163845
9,6,Doctor_of_Philosophy,Education,0.8491599525555845
9,1,Master's_degree_in_Europe,Education,0.8500896933884926
9,234,Objective-J,Computer_Programming,0.8519902392521583
9,231,Ruby,Computer_Programming,0.8614547426044098
9,156,Co-marketing,Advertising,0.8654860053202373
9,74,MATLAB,statistical_software,0.8673777732020548
9,149,MATLAB,Software,0.8673777732020548
9,244,Transact-SQL,Computer_Programming,0.8763341620804979
9,73,Octave,statistical_software,0.8767580129543332
9,148,Octave,Software,0.8767580129543332
9,21,Lists_of_mathematics_topics,Math_Stats_tools,0.883431884124316
9,131,DSRM04,Edison,0.8888858026691963
9,42,6_BASIC_STATISTICAL_TOOLS,Statistics,0.8937225640329792
9,4,Chemistry_Quality_Eurolabels,Education,0.8966694410463528
9,29,Mathematical_finance,capital_market,0.9002921348227523
9,5,Terminal_degree,Education,0.9097112781381224
9,48,Executive_search_firms,Recuting,0.9310094327709677
9,39,A_Guide_to_Statistical_Techniques,Statistics,0.9337787146535133
9,53,Employment_agencies,Recuting,0.9350683315500592
9,47,Summary_Table_for_Statistical_Techniques,Statistics,0.9413539160673597
9,51,Employment_websites,Recuting,0.9606792358992167
